This file contains any messages produced by compilers while
running configure, to aid debugging if configure makes a mistake.

It was created by configure, which was
generated by GNU Autoconf 2.72.  Invocation command line was

  $ ./configure

## --------- ##
## Platform. ##
## --------- ##

hostname = raspberrypi
uname -m = aarch64
uname -r = 6.18.34+rpt-rpi-v8
uname -s = Linux
uname -v = #1 SMP PREEMPT Debian 1:6.18.34-1+rpt1 (2026-06-09)

/usr/bin/uname -p = unknown
/bin/uname -X     = unknown

/bin/arch              = aarch64
/usr/bin/arch -k       = unknown
/usr/convex/getsysinfo = unknown
/usr/bin/hostinfo      = unknown
/bin/machine           = unknown
/usr/bin/oslevel       = unknown
/bin/universe          = unknown

PATH: $HOME/.gemini/antigravity-cli/bin/
PATH: $HOME/.local/bin/
PATH: $HOME/.local/bin/
PATH: $HOME/.cargo/bin/
PATH: $HOME/.local/bin/
PATH: $HOME/.local/bin/
PATH: /usr/local/sbin/
PATH: /usr/local/bin/
PATH: /usr/sbin/
PATH: /usr/bin/
PATH: /sbin/
PATH: /bin/
PATH: /usr/local/games/
PATH: /usr/games/

## ----------- ##
## Core tests. ##
## ----------- ##

configure:2701: looking for aux files: config.rpath install-sh config.guess config.sub
configure:2714:  trying ./
configure:2743:   ./config.rpath found
configure:2725:   ./install-sh found
configure:2743:   ./config.guess found
configure:2743:   ./config.sub found
configure:3037: checking build system type
configure:3053: result: aarch64-unknown-linux-gnu
configure:3072: checking host system type
configure:3087: result: aarch64-unknown-linux-gnu
configure:3161: checking for gcc
configure:3182: found /usr/bin/gcc
configure:3194: result: gcc
configure:3547: checking for C compiler version
configure:3556: gcc --version >&5
gcc (Debian 14.2.0-19) 14.2.0
Copyright (C) 2024 Free Software Foundation, Inc.
This is free software; see the source for copying conditions.  There is NO
warranty; not even for MERCHANTABILITY or FITNESS FOR A PARTICULAR PURPOSE.

configure:3567: $? = 0
configure:3556: gcc -v >&5
Using built-in specs.
COLLECT_GCC=gcc
COLLECT_LTO_WRAPPER=/usr/libexec/gcc/aarch64-linux-gnu/14/lto-wrapper
OFFLOAD_TARGET_NAMES=nvptx-none
OFFLOAD_TARGET_DEFAULT=1
Target: aarch64-linux-gnu
Configured with: ../src/configure -v --with-pkgversion='Debian 14.2.0-19' --with-bugurl=file:///usr/share/doc/gcc-14/README.Bugs --enable-languages=c,ada,c++,go,d,fortran,objc,obj-c++,m2,rust --prefix=/usr --with-gcc-major-version-only --program-suffix=-14 --program-prefix=aarch64-linux-gnu- --enable-shared --enable-linker-build-id --libexecdir=/usr/libexec --without-included-gettext --enable-threads=posix --libdir=/usr/lib --enable-nls --enable-bootstrap --enable-clocale=gnu --enable-libstdcxx-debug --enable-libstdcxx-time=yes --with-default-libstdcxx-abi=new --enable-libstdcxx-backtrace --enable-gnu-unique-object --disable-libquadmath --disable-libquadmath-support --enable-plugin --enable-default-pie --with-system-zlib --enable-libphobos-checking=release --with-target-system-zlib=auto --enable-objc-gc=auto --enable-multiarch --enable-fix-cortex-a53-843419 --disable-werror --enable-offload-targets=nvptx-none=/build/reproducible-path/gcc-14-14.2.0/debian/tmp-nvptx/usr --enable-offload-defaulted --without-cuda-driver --enable-checking=release --build=aarch64-linux-gnu --host=aarch64-linux-gnu --target=aarch64-linux-gnu --with-build-config=bootstrap-lto-lean --enable-link-serialization=2
Thread model: posix
Supported LTO compression algorithms: zlib zstd
gcc version 14.2.0 (Debian 14.2.0-19) 
... rest of stderr output deleted ...
configure:3567: $? = 0
configure:3556: gcc -V >&5
gcc: error: unrecognized command-line option '-V'
gcc: fatal error: no input files
compilation terminated.
configure:3567: $? = 1
configure:3556: gcc -qversion >&5
gcc: error: unrecognized command-line option '-qversion'; did you mean '--version'?
gcc: fatal error: no input files
compilation terminated.
configure:3567: $? = 1
configure:3556: gcc -version >&5
gcc: error: unrecognized command-line option '-version'
gcc: fatal error: no input files
compilation terminated.
configure:3567: $? = 1
configure:3587: checking whether the C compiler works
configure:3609: gcc    conftest.c  >&5
configure:3613: $? = 0
configure:3664: result: yes
configure:3668: checking for C compiler default output file name
configure:3670: result: a.out
configure:3676: checking for suffix of executables
configure:3683: gcc -o conftest    conftest.c  >&5
configure:3687: $? = 0
configure:3711: result: 
configure:3735: checking whether we are cross compiling
configure:3743: gcc -o conftest    conftest.c  >&5
configure:3747: $? = 0
configure:3754: ./conftest
configure:3758: $? = 0
configure:3773: result: no
configure:3779: checking for suffix of object files
configure:3802: gcc -c   conftest.c >&5
configure:3806: $? = 0
configure:3830: result: o
configure:3834: checking whether the compiler supports GNU C
configure:3854: gcc -c   conftest.c >&5
configure:3854: $? = 0
configure:3866: result: yes
configure:3877: checking whether gcc accepts -g
configure:3898: gcc -c -g  conftest.c >&5
configure:3898: $? = 0
configure:3945: result: yes
configure:3965: checking for gcc option to enable C11 features
configure:3980: gcc  -c -g -O2  conftest.c >&5
configure:3980: $? = 0
configure:3999: result: none needed
configure:4154: checking whether gcc accepts -std=gnu99
configure:4181: result: yes
configure:4187: checking whether gcc accepts -pedantic
configure:4214: result: yes
configure:4220: checking whether gcc accepts -Wall
configure:4247: result: yes
configure:4253: checking whether gcc accepts -Wnested-externs
configure:4280: result: yes
configure:4286: checking whether gcc accepts -Wstrict-prototypes
configure:4313: result: yes
configure:4319: checking whether gcc accepts -Wmissing-prototypes
configure:4346: result: yes
configure:4353: checking whether gcc accepts -Wno-overlength-strings
configure:4380: result: yes
configure:4392: checking how to run the C preprocessor
configure:4418: gcc -std=gnu99 -pedantic -Wall -Wnested-externs -Wstrict-prototypes -Wmissing-prototypes -Wno-overlength-strings -E  conftest.c
configure:4418: $? = 0
configure:4434: gcc -std=gnu99 -pedantic -Wall -Wnested-externs -Wstrict-prototypes -Wmissing-prototypes -Wno-overlength-strings -E  conftest.c
conftest.c:9:10: fatal error: ac_nonexistent.h: No such file or directory
    9 | #include <ac_nonexistent.h>
      |          ^~~~~~~~~~~~~~~~~~
compilation terminated.
configure:4434: $? = 1
configure: failed program was:
| /* confdefs.h */
| #define PACKAGE_NAME ""
| #define PACKAGE_TARNAME ""
| #define PACKAGE_VERSION ""
| #define PACKAGE_STRING ""
| #define PACKAGE_BUGREPORT ""
| #define PACKAGE_URL ""
| /* end confdefs.h.  */
| #include <ac_nonexistent.h>
configure:4463: result: gcc -std=gnu99 -pedantic -Wall -Wnested-externs -Wstrict-prototypes -Wmissing-prototypes -Wno-overlength-strings -E
configure:4477: gcc -std=gnu99 -pedantic -Wall -Wnested-externs -Wstrict-prototypes -Wmissing-prototypes -Wno-overlength-strings -E  conftest.c
configure:4477: $? = 0
configure:4493: gcc -std=gnu99 -pedantic -Wall -Wnested-externs -Wstrict-prototypes -Wmissing-prototypes -Wno-overlength-strings -E  conftest.c
conftest.c:9:10: fatal error: ac_nonexistent.h: No such file or directory
    9 | #include <ac_nonexistent.h>
      |          ^~~~~~~~~~~~~~~~~~
compilation terminated.
configure:4493: $? = 1
configure: failed program was:
| /* confdefs.h */
| #define PACKAGE_NAME ""
| #define PACKAGE_TARNAME ""
| #define PACKAGE_VERSION ""
| #define PACKAGE_STRING ""
| #define PACKAGE_BUGREPORT ""
| #define PACKAGE_URL ""
| /* end confdefs.h.  */
| #include <ac_nonexistent.h>
configure:4541: checking for a BSD-compatible install
configure:4615: result: /usr/bin/install -c
configure:4626: checking whether "${INSTALL} -d" creates intermediate directories
configure:4646: result: yes
configure:4683: checking whether make sets $(MAKE)
configure:4707: result: yes
configure:4729: checking for stdio.h
configure:4729: gcc -std=gnu99 -pedantic -Wall -Wnested-externs -Wstrict-prototypes -Wmissing-prototypes -Wno-overlength-strings -c -g -O2  conftest.c >&5
configure:4729: $? = 0
configure:4729: result: yes
configure:4729: checking for stdlib.h
configure:4729: gcc -std=gnu99 -pedantic -Wall -Wnested-externs -Wstrict-prototypes -Wmissing-prototypes -Wno-overlength-strings -c -g -O2  conftest.c >&5
configure:4729: $? = 0
configure:4729: result: yes
configure:4729: checking for string.h
configure:4729: gcc -std=gnu99 -pedantic -Wall -Wnested-externs -Wstrict-prototypes -Wmissing-prototypes -Wno-overlength-strings -c -g -O2  conftest.c >&5
configure:4729: $? = 0
configure:4729: result: yes
configure:4729: checking for inttypes.h
configure:4729: gcc -std=gnu99 -pedantic -Wall -Wnested-externs -Wstrict-prototypes -Wmissing-prototypes -Wno-overlength-strings -c -g -O2  conftest.c >&5
configure:4729: $? = 0
configure:4729: result: yes
configure:4729: checking for stdint.h
configure:4729: gcc -std=gnu99 -pedantic -Wall -Wnested-externs -Wstrict-prototypes -Wmissing-prototypes -Wno-overlength-strings -c -g -O2  conftest.c >&5
configure:4729: $? = 0
configure:4729: result: yes
configure:4729: checking for strings.h
configure:4729: gcc -std=gnu99 -pedantic -Wall -Wnested-externs -Wstrict-prototypes -Wmissing-prototypes -Wno-overlength-strings -c -g -O2  conftest.c >&5
configure:4729: $? = 0
configure:4729: result: yes
configure:4729: checking for sys/stat.h
configure:4729: gcc -std=gnu99 -pedantic -Wall -Wnested-externs -Wstrict-prototypes -Wmissing-prototypes -Wno-overlength-strings -c -g -O2  conftest.c >&5
configure:4729: $? = 0
configure:4729: result: yes
configure:4729: checking for sys/types.h
configure:4729: gcc -std=gnu99 -pedantic -Wall -Wnested-externs -Wstrict-prototypes -Wmissing-prototypes -Wno-overlength-strings -c -g -O2  conftest.c >&5
configure:4729: $? = 0
configure:4729: result: yes
configure:4729: checking for unistd.h
configure:4729: gcc -std=gnu99 -pedantic -Wall -Wnested-externs -Wstrict-prototypes -Wmissing-prototypes -Wno-overlength-strings -c -g -O2  conftest.c >&5
configure:4729: $? = 0
configure:4729: result: yes
configure:4747: checking for unistd.h
configure:4747: result: yes
configure:4753: checking for inttypes.h
configure:4753: result: yes
configure:4760: checking for mode_t
configure:4760: gcc -std=gnu99 -pedantic -Wall -Wnested-externs -Wstrict-prototypes -Wmissing-prototypes -Wno-overlength-strings -c -g -O2  conftest.c >&5
configure:4760: $? = 0
configure:4760: gcc -std=gnu99 -pedantic -Wall -Wnested-externs -Wstrict-prototypes -Wmissing-prototypes -Wno-overlength-strings -c -g -O2  conftest.c >&5
conftest.c: In function 'main':
conftest.c:52:21: error: expected expression before ')' token
   52 | if (sizeof ((mode_t)))
      |                     ^
configure:4760: $? = 1
configure: failed program was:
| /* confdefs.h */
| #define PACKAGE_NAME ""
| #define PACKAGE_TARNAME ""
| #define PACKAGE_VERSION ""
| #define PACKAGE_STRING ""
| #define PACKAGE_BUGREPORT ""
| #define PACKAGE_URL ""
| #define HAVE_STDIO_H 1
| #define HAVE_STDLIB_H 1
| #define HAVE_STRING_H 1
| #define HAVE_INTTYPES_H 1
| #define HAVE_STDINT_H 1
| #define HAVE_STRINGS_H 1
| #define HAVE_SYS_STAT_H 1
| #define HAVE_SYS_TYPES_H 1
| #define HAVE_UNISTD_H 1
| #define STDC_HEADERS 1
| #define HAVE_UNISTD_H 1
| #define HAVE_INTTYPES_H 1
| /* end confdefs.h.  */
| #include <stddef.h>
| #ifdef HAVE_STDIO_H
| # include <stdio.h>
| #endif
| #ifdef HAVE_STDLIB_H
| # include <stdlib.h>
| #endif
| #ifdef HAVE_STRING_H
| # include <string.h>
| #endif
| #ifdef HAVE_INTTYPES_H
| # include <inttypes.h>
| #endif
| #ifdef HAVE_STDINT_H
| # include <stdint.h>
| #endif
| #ifdef HAVE_STRINGS_H
| # include <strings.h>
| #endif
| #ifdef HAVE_SYS_TYPES_H
| # include <sys/types.h>
| #endif
| #ifdef HAVE_SYS_STAT_H
| # include <sys/stat.h>
| #endif
| #ifdef HAVE_UNISTD_H
| # include <unistd.h>
| #endif
| int
| main (void)
| {
| if (sizeof ((mode_t)))
| 	    return 0;
|   ;
|   return 0;
| }
configure:4760: result: yes
configure:4771: checking for pid_t
configure:4771: gcc -std=gnu99 -pedantic -Wall -Wnested-externs -Wstrict-prototypes -Wmissing-prototypes -Wno-overlength-strings -c -g -O2  conftest.c >&5
configure:4771: $? = 0
configure:4771: gcc -std=gnu99 -pedantic -Wall -Wnested-externs -Wstrict-prototypes -Wmissing-prototypes -Wno-overlength-strings -c -g -O2  conftest.c >&5
conftest.c: In function 'main':
conftest.c:53:20: error: expected expression before ')' token
   53 | if (sizeof ((pid_t)))
      |                    ^
configure:4771: $? = 1
configure: failed program was:
| /* confdefs.h */
| #define PACKAGE_NAME ""
| #define PACKAGE_TARNAME ""
| #define PACKAGE_VERSION ""
| #define PACKAGE_STRING ""
| #define PACKAGE_BUGREPORT ""
| #define PACKAGE_URL ""
| #define HAVE_STDIO_H 1
| #define HAVE_STDLIB_H 1
| #define HAVE_STRING_H 1
| #define HAVE_INTTYPES_H 1
| #define HAVE_STDINT_H 1
| #define HAVE_STRINGS_H 1
| #define HAVE_SYS_STAT_H 1
| #define HAVE_SYS_TYPES_H 1
| #define HAVE_UNISTD_H 1
| #define STDC_HEADERS 1
| #define HAVE_UNISTD_H 1
| #define HAVE_INTTYPES_H 1
| /* end confdefs.h.  */
| #include <stddef.h>
| #ifdef HAVE_STDIO_H
| # include <stdio.h>
| #endif
| #ifdef HAVE_STDLIB_H
| # include <stdlib.h>
| #endif
| #ifdef HAVE_STRING_H
| # include <string.h>
| #endif
| #ifdef HAVE_INTTYPES_H
| # include <inttypes.h>
| #endif
| #ifdef HAVE_STDINT_H
| # include <stdint.h>
| #endif
| #ifdef HAVE_STRINGS_H
| # include <strings.h>
| #endif
| #ifdef HAVE_SYS_TYPES_H
| # include <sys/types.h>
| #endif
| #ifdef HAVE_SYS_STAT_H
| # include <sys/stat.h>
| #endif
| #ifdef HAVE_UNISTD_H
| # include <unistd.h>
| #endif
| 
| int
| main (void)
| {
| if (sizeof ((pid_t)))
| 	    return 0;
|   ;
|   return 0;
| }
configure:4771: result: yes
configure:4808: checking for size_t
configure:4808: gcc -std=gnu99 -pedantic -Wall -Wnested-externs -Wstrict-prototypes -Wmissing-prototypes -Wno-overlength-strings -c -g -O2  conftest.c >&5
configure:4808: $? = 0
configure:4808: gcc -std=gnu99 -pedantic -Wall -Wnested-externs -Wstrict-prototypes -Wmissing-prototypes -Wno-overlength-strings -c -g -O2  conftest.c >&5
conftest.c: In function 'main':
conftest.c:52:21: error: expected expression before ')' token
   52 | if (sizeof ((size_t)))
      |                     ^
configure:4808: $? = 1
configure: failed program was:
| /* confdefs.h */
| #define PACKAGE_NAME ""
| #define PACKAGE_TARNAME ""
| #define PACKAGE_VERSION ""
| #define PACKAGE_STRING ""
| #define PACKAGE_BUGREPORT ""
| #define PACKAGE_URL ""
| #define HAVE_STDIO_H 1
| #define HAVE_STDLIB_H 1
| #define HAVE_STRING_H 1
| #define HAVE_INTTYPES_H 1
| #define HAVE_STDINT_H 1
| #define HAVE_STRINGS_H 1
| #define HAVE_SYS_STAT_H 1
| #define HAVE_SYS_TYPES_H 1
| #define HAVE_UNISTD_H 1
| #define STDC_HEADERS 1
| #define HAVE_UNISTD_H 1
| #define HAVE_INTTYPES_H 1
| /* end confdefs.h.  */
| #include <stddef.h>
| #ifdef HAVE_STDIO_H
| # include <stdio.h>
| #endif
| #ifdef HAVE_STDLIB_H
| # include <stdlib.h>
| #endif
| #ifdef HAVE_STRING_H
| # include <string.h>
| #endif
| #ifdef HAVE_INTTYPES_H
| # include <inttypes.h>
| #endif
| #ifdef HAVE_STDINT_H
| # include <stdint.h>
| #endif
| #ifdef HAVE_STRINGS_H
| # include <strings.h>
| #endif
| #ifdef HAVE_SYS_TYPES_H
| # include <sys/types.h>
| #endif
| #ifdef HAVE_SYS_STAT_H
| # include <sys/stat.h>
| #endif
| #ifdef HAVE_UNISTD_H
| # include <unistd.h>
| #endif
| int
| main (void)
| {
| if (sizeof ((size_t)))
| 	    return 0;
|   ;
|   return 0;
| }
configure:4808: result: yes
configure:4821: checking for sys/wait.h that is POSIX.1 compatible
configure:4848: gcc -std=gnu99 -pedantic -Wall -Wnested-externs -Wstrict-prototypes -Wmissing-prototypes -Wno-overlength-strings -c -g -O2  conftest.c >&5
configure:4848: $? = 0
configure:4858: result: yes
configure:4869: checking for dirent.h that defines DIR
configure:4889: gcc -std=gnu99 -pedantic -Wall -Wnested-externs -Wstrict-prototypes -Wmissing-prototypes -Wno-overlength-strings -c -g -O2  conftest.c >&5
configure:4889: $? = 0
configure:4900: result: yes
configure:4914: checking for library containing opendir
configure:4950: gcc -std=gnu99 -pedantic -Wall -Wnested-externs -Wstrict-prototypes -Wmissing-prototypes -Wno-overlength-strings -o conftest -g -O2   conftest.c  >&5
configure:4950: $? = 0
configure:4972: result: none required
configure:5051: checking how to call gettimeofday
configure:5070: gcc -std=gnu99 -pedantic -Wall -Wnested-externs -Wstrict-prototypes -Wmissing-prototypes -Wno-overlength-strings -c -g -O2  conftest.c >&5
configure:5070: $? = 0
configure:5093: result: two arguments
configure:5107: checking for gcc -std=gnu99 -pedantic -Wall -Wnested-externs -Wstrict-prototypes -Wmissing-prototypes -Wno-overlength-strings option to enable large file support
configure:5142: gcc -std=gnu99 -pedantic -Wall -Wnested-externs -Wstrict-prototypes -Wmissing-prototypes -Wno-overlength-strings -c -g -O2  conftest.c >&5
configure:5142: $? = 0
configure:5148: gcc -std=gnu99 -pedantic -Wall -Wnested-externs -Wstrict-prototypes -Wmissing-prototypes -Wno-overlength-strings -DFTYPE=ino_t -c -g -O2  conftest.c >&5
configure:5148: $? = 0
configure:5173: result: none needed
configure:5275: checking for select
configure:5275: gcc -std=gnu99 -pedantic -Wall -Wnested-externs -Wstrict-prototypes -Wmissing-prototypes -Wno-overlength-strings -o conftest -g -O2   conftest.c  >&5
configure:5275: $? = 0
configure:5275: result: yes
configure:5281: checking for fcntl
configure:5281: gcc -std=gnu99 -pedantic -Wall -Wnested-externs -Wstrict-prototypes -Wmissing-prototypes -Wno-overlength-strings -o conftest -g -O2   conftest.c  >&5
configure:5281: $? = 0
configure:5281: result: yes
configure:5287: checking for uname
configure:5287: gcc -std=gnu99 -pedantic -Wall -Wnested-externs -Wstrict-prototypes -Wmissing-prototypes -Wno-overlength-strings -o conftest -g -O2   conftest.c  >&5
configure:5287: $? = 0
configure:5287: result: yes
configure:5293: checking for nice
configure:5293: gcc -std=gnu99 -pedantic -Wall -Wnested-externs -Wstrict-prototypes -Wmissing-prototypes -Wno-overlength-strings -o conftest -g -O2   conftest.c  >&5
configure:5293: $? = 0
configure:5293: result: yes
configure:5299: checking for setpriority
configure:5299: gcc -std=gnu99 -pedantic -Wall -Wnested-externs -Wstrict-prototypes -Wmissing-prototypes -Wno-overlength-strings -o conftest -g -O2   conftest.c  >&5
configure:5299: $? = 0
configure:5299: result: yes
configure:5305: checking for getcwd
configure:5305: gcc -std=gnu99 -pedantic -Wall -Wnested-externs -Wstrict-prototypes -Wmissing-prototypes -Wno-overlength-strings -o conftest -g -O2   conftest.c  >&5
configure:5305: $? = 0
configure:5305: result: yes
configure:5311: checking for getwd
configure:5311: gcc -std=gnu99 -pedantic -Wall -Wnested-externs -Wstrict-prototypes -Wmissing-prototypes -Wno-overlength-strings -o conftest -g -O2   conftest.c  >&5
/usr/bin/ld: /tmp/cczliboq.o: in function `main':
$HOME/flurry_build/xscreensaver-6.09/conftest.c:59:(.text.startup+0x8): warning: the `getwd' function is dangerous and should not be used.
configure:5311: $? = 0
configure:5311: result: yes
configure:5317: checking for putenv
configure:5317: gcc -std=gnu99 -pedantic -Wall -Wnested-externs -Wstrict-prototypes -Wmissing-prototypes -Wno-overlength-strings -o conftest -g -O2   conftest.c  >&5
configure:5317: $? = 0
configure:5317: result: yes
configure:5323: checking for sbrk
configure:5323: gcc -std=gnu99 -pedantic -Wall -Wnested-externs -Wstrict-prototypes -Wmissing-prototypes -Wno-overlength-strings -o conftest -g -O2   conftest.c  >&5
configure:5323: $? = 0
configure:5323: result: yes
configure:5330: checking for sigaction
configure:5330: gcc -std=gnu99 -pedantic -Wall -Wnested-externs -Wstrict-prototypes -Wmissing-prototypes -Wno-overlength-strings -o conftest -g -O2   conftest.c  >&5
configure:5330: $? = 0
configure:5330: result: yes
configure:5336: checking for syslog
configure:5336: gcc -std=gnu99 -pedantic -Wall -Wnested-externs -Wstrict-prototypes -Wmissing-prototypes -Wno-overlength-strings -o conftest -g -O2   conftest.c  >&5
configure:5336: $? = 0
configure:5336: result: yes
configure:5342: checking for realpath
configure:5342: gcc -std=gnu99 -pedantic -Wall -Wnested-externs -Wstrict-prototypes -Wmissing-prototypes -Wno-overlength-strings -o conftest -g -O2   conftest.c  >&5
configure:5342: $? = 0
configure:5342: result: yes
configure:5348: checking for setrlimit
configure:5348: gcc -std=gnu99 -pedantic -Wall -Wnested-externs -Wstrict-prototypes -Wmissing-prototypes -Wno-overlength-strings -o conftest -g -O2   conftest.c  >&5
configure:5348: $? = 0
configure:5348: result: yes
configure:5355: checking for setlocale
configure:5355: gcc -std=gnu99 -pedantic -Wall -Wnested-externs -Wstrict-prototypes -Wmissing-prototypes -Wno-overlength-strings -o conftest -g -O2   conftest.c  >&5
configure:5355: $? = 0
configure:5355: result: yes
configure:5361: checking for sqrtf
configure:5361: gcc -std=gnu99 -pedantic -Wall -Wnested-externs -Wstrict-prototypes -Wmissing-prototypes -Wno-overlength-strings -o conftest -g -O2   conftest.c  >&5
conftest.c:56:6: warning: conflicting types for built-in function 'sqrtf'; expected 'float(float)' [-Wbuiltin-declaration-mismatch]
   56 | char sqrtf (void);
      |      ^~~~~
conftest.c:48:1: note: 'sqrtf' is declared in header '<math.h>'
   47 | #include <limits.h>
   48 | #undef sqrtf
/usr/bin/ld: /tmp/ccffHCUv.o: in function `main':
$HOME/flurry_build/xscreensaver-6.09/conftest.c:67:(.text.startup+0x8): undefined reference to `sqrtf'
collect2: error: ld returned 1 exit status
configure:5361: $? = 1
configure: failed program was:
| /* confdefs.h */
| #define PACKAGE_NAME ""
| #define PACKAGE_TARNAME ""
| #define PACKAGE_VERSION ""
| #define PACKAGE_STRING ""
| #define PACKAGE_BUGREPORT ""
| #define PACKAGE_URL ""
| #define HAVE_STDIO_H 1
| #define HAVE_STDLIB_H 1
| #define HAVE_STRING_H 1
| #define HAVE_INTTYPES_H 1
| #define HAVE_STDINT_H 1
| #define HAVE_STRINGS_H 1
| #define HAVE_SYS_STAT_H 1
| #define HAVE_SYS_TYPES_H 1
| #define HAVE_UNISTD_H 1
| #define STDC_HEADERS 1
| #define HAVE_UNISTD_H 1
| #define HAVE_INTTYPES_H 1
| #define RETSIGTYPE void
| #define HAVE_SYS_WAIT_H 1
| #define HAVE_DIRENT_H 1
| #define HAVE_GETTIMEOFDAY 1
| #define GETTIMEOFDAY_TWO_ARGS 1
| #define HAVE_SELECT 1
| #define HAVE_FCNTL 1
| #define HAVE_UNAME 1
| #define HAVE_NICE 1
| #define HAVE_SETPRIORITY 1
| #define HAVE_GETCWD 1
| #define HAVE_GETWD 1
| #define HAVE_PUTENV 1
| #define HAVE_SBRK 1
| #define HAVE_SIGACTION 1
| #define HAVE_SYSLOG 1
| #define HAVE_REALPATH 1
| #define HAVE_SETRLIMIT 1
| #define HAVE_SETLOCALE 1
| /* end confdefs.h.  */
| /* Define sqrtf to an innocuous variant, in case <limits.h> declares sqrtf.
|    For example, HP-UX 11i <limits.h> declares gettimeofday.  */
| #define sqrtf innocuous_sqrtf
| 
| /* System header to define __stub macros and hopefully few prototypes,
|    which can conflict with char sqrtf (void); below.  */
| 
| #include <limits.h>
| #undef sqrtf
| 
| /* Override any GCC internal prototype to avoid an error.
|    Use char because int might match the return type of a GCC
|    builtin and then its argument prototype would still apply.  */
| #ifdef __cplusplus
| extern "C"
| #endif
| char sqrtf (void);
| /* The GNU C library defines this for functions which it implements
|     to always fail with ENOSYS.  Some functions are actually named
|     something starting with __ and the normal name is an alias.  */
| #if defined __stub_sqrtf || defined __stub___sqrtf
| choke me
| #endif
| 
| int
| main (void)
| {
| return sqrtf ();
|   ;
|   return 0;
| }
configure:5361: result: no
configure:5368: checking for getaddrinfo
configure:5368: gcc -std=gnu99 -pedantic -Wall -Wnested-externs -Wstrict-prototypes -Wmissing-prototypes -Wno-overlength-strings -o conftest -g -O2   conftest.c  >&5
configure:5368: $? = 0
configure:5368: result: yes
configure:5375: checking for struct sockaddr.sa_len
configure:5375: gcc -std=gnu99 -pedantic -Wall -Wnested-externs -Wstrict-prototypes -Wmissing-prototypes -Wno-overlength-strings -c -g -O2  conftest.c >&5
conftest.c: In function 'main':
conftest.c:47:12: error: 'struct sockaddr' has no member named 'sa_len'
   47 | if (ac_aggr.sa_len)
      |            ^
conftest.c:46:24: warning: variable 'ac_aggr' set but not used [-Wunused-but-set-variable]
   46 | static struct sockaddr ac_aggr;
      |                        ^~~~~~~
configure:5375: $? = 1
configure: failed program was:
| /* confdefs.h */
| #define PACKAGE_NAME ""
| #define PACKAGE_TARNAME ""
| #define PACKAGE_VERSION ""
| #define PACKAGE_STRING ""
| #define PACKAGE_BUGREPORT ""
| #define PACKAGE_URL ""
| #define HAVE_STDIO_H 1
| #define HAVE_STDLIB_H 1
| #define HAVE_STRING_H 1
| #define HAVE_INTTYPES_H 1
| #define HAVE_STDINT_H 1
| #define HAVE_STRINGS_H 1
| #define HAVE_SYS_STAT_H 1
| #define HAVE_SYS_TYPES_H 1
| #define HAVE_UNISTD_H 1
| #define STDC_HEADERS 1
| #define HAVE_UNISTD_H 1
| #define HAVE_INTTYPES_H 1
| #define RETSIGTYPE void
| #define HAVE_SYS_WAIT_H 1
| #define HAVE_DIRENT_H 1
| #define HAVE_GETTIMEOFDAY 1
| #define GETTIMEOFDAY_TWO_ARGS 1
| #define HAVE_SELECT 1
| #define HAVE_FCNTL 1
| #define HAVE_UNAME 1
| #define HAVE_NICE 1
| #define HAVE_SETPRIORITY 1
| #define HAVE_GETCWD 1
| #define HAVE_GETWD 1
| #define HAVE_PUTENV 1
| #define HAVE_SBRK 1
| #define HAVE_SIGACTION 1
| #define HAVE_SYSLOG 1
| #define HAVE_REALPATH 1
| #define HAVE_SETRLIMIT 1
| #define HAVE_SETLOCALE 1
| #define HAVE_GETADDRINFO 1
| /* end confdefs.h.  */
| #include <sys/socket.h>
| 
| int
| main (void)
| {
| static struct sockaddr ac_aggr;
| if (ac_aggr.sa_len)
| return 0;
|   ;
|   return 0;
| }
configure:5375: gcc -std=gnu99 -pedantic -Wall -Wnested-externs -Wstrict-prototypes -Wmissing-prototypes -Wno-overlength-strings -c -g -O2  conftest.c >&5
conftest.c: In function 'main':
conftest.c:47:19: error: 'struct sockaddr' has no member named 'sa_len'
   47 | if (sizeof ac_aggr.sa_len)
      |                   ^
conftest.c:46:24: warning: variable 'ac_aggr' set but not used [-Wunused-but-set-variable]
   46 | static struct sockaddr ac_aggr;
      |                        ^~~~~~~
configure:5375: $? = 1
configure: failed program was:
| /* confdefs.h */
| #define PACKAGE_NAME ""
| #define PACKAGE_TARNAME ""
| #define PACKAGE_VERSION ""
| #define PACKAGE_STRING ""
| #define PACKAGE_BUGREPORT ""
| #define PACKAGE_URL ""
| #define HAVE_STDIO_H 1
| #define HAVE_STDLIB_H 1
| #define HAVE_STRING_H 1
| #define HAVE_INTTYPES_H 1
| #define HAVE_STDINT_H 1
| #define HAVE_STRINGS_H 1
| #define HAVE_SYS_STAT_H 1
| #define HAVE_SYS_TYPES_H 1
| #define HAVE_UNISTD_H 1
| #define STDC_HEADERS 1
| #define HAVE_UNISTD_H 1
| #define HAVE_INTTYPES_H 1
| #define RETSIGTYPE void
| #define HAVE_SYS_WAIT_H 1
| #define HAVE_DIRENT_H 1
| #define HAVE_GETTIMEOFDAY 1
| #define GETTIMEOFDAY_TWO_ARGS 1
| #define HAVE_SELECT 1
| #define HAVE_FCNTL 1
| #define HAVE_UNAME 1
| #define HAVE_NICE 1
| #define HAVE_SETPRIORITY 1
| #define HAVE_GETCWD 1
| #define HAVE_GETWD 1
| #define HAVE_PUTENV 1
| #define HAVE_SBRK 1
| #define HAVE_SIGACTION 1
| #define HAVE_SYSLOG 1
| #define HAVE_REALPATH 1
| #define HAVE_SETRLIMIT 1
| #define HAVE_SETLOCALE 1
| #define HAVE_GETADDRINFO 1
| /* end confdefs.h.  */
| #include <sys/socket.h>
| 
| int
| main (void)
| {
| static struct sockaddr ac_aggr;
| if (sizeof ac_aggr.sa_len)
| return 0;
|   ;
|   return 0;
| }
configure:5375: result: no
configure:5384: checking for struct icmp
configure:5434: gcc -std=gnu99 -pedantic -Wall -Wnested-externs -Wstrict-prototypes -Wmissing-prototypes -Wno-overlength-strings -c -g -O2  conftest.c >&5
conftest.c: In function 'main':
conftest.c:66:30: warning: variable 'ip' set but not used [-Wunused-but-set-variable]
   66 |                    struct ip ip;
      |                              ^~
conftest.c:65:39: warning: variable 'si' set but not used [-Wunused-but-set-variable]
   65 |                    struct sockaddr_in si;
      |                                       ^~
conftest.c:64:36: warning: unused variable 's' [-Wunused-variable]
   64 |                    struct sockaddr s;
      |                                    ^
conftest.c:63:13: warning: variable 'i' set but not used [-Wunused-but-set-variable]
   63 | struct icmp i;
      |             ^
configure:5434: $? = 0
configure:5444: result: yes
configure:5450: checking for struct icmphdr
configure:5495: gcc -std=gnu99 -pedantic -Wall -Wnested-externs -Wstrict-prototypes -Wmissing-prototypes -Wno-overlength-strings -c -g -O2  conftest.c >&5
conftest.c: In function 'main':
conftest.c:67:30: warning: variable 'ip' set but not used [-Wunused-but-set-variable]
   67 |                    struct ip ip;
      |                              ^~
conftest.c:66:39: warning: variable 'si' set but not used [-Wunused-but-set-variable]
   66 |                    struct sockaddr_in si;
      |                                       ^~
conftest.c:65:36: warning: unused variable 's' [-Wunused-variable]
   65 |                    struct sockaddr s;
      |                                    ^
conftest.c:64:16: warning: variable 'i' set but not used [-Wunused-but-set-variable]
   64 | struct icmphdr i;
      |                ^
configure:5495: $? = 0
configure:5505: result: yes
configure:5511: checking for getifaddrs
configure:5534: gcc -std=gnu99 -pedantic -Wall -Wnested-externs -Wstrict-prototypes -Wmissing-prototypes -Wno-overlength-strings -c -g -O2  conftest.c >&5
configure:5534: $? = 0
configure:5544: result: yes
configure:5550: checking for socklen_t
configure:5569: gcc -std=gnu99 -pedantic -Wall -Wnested-externs -Wstrict-prototypes -Wmissing-prototypes -Wno-overlength-strings -c -g -O2  conftest.c >&5
conftest.c: In function 'main':
conftest.c:50:11: warning: unused variable 'socklen' [-Wunused-variable]
   50 | socklen_t socklen;
      |           ^~~~~~~
configure:5569: $? = 0
configure:5579: result: yes
configure:5586: checking for crypt.h
configure:5586: gcc -std=gnu99 -pedantic -Wall -Wnested-externs -Wstrict-prototypes -Wmissing-prototypes -Wno-overlength-strings -c -g -O2  conftest.c >&5
configure:5586: $? = 0
configure:5586: result: yes
configure:5592: checking for sys/select.h
configure:5592: gcc -std=gnu99 -pedantic -Wall -Wnested-externs -Wstrict-prototypes -Wmissing-prototypes -Wno-overlength-strings -c -g -O2  conftest.c >&5
configure:5592: $? = 0
configure:5592: result: yes
configure:5603: checking for perl5
configure:5642: result: no
configure:5603: checking for perl
configure:5626: found /usr/bin/perl
configure:5639: result: /usr/bin/perl
configure:5652: checking perl version
configure:5661: result: 5.040001
configure:5671: checking for X
configure:5708: gcc -std=gnu99 -pedantic -Wall -Wnested-externs -Wstrict-prototypes -Wmissing-prototypes -Wno-overlength-strings -o conftest -g -O2   conftest.c -lX11  >&5
configure:5708: $? = 0
configure:5898: result: libraries , headers 
configure:6004: gcc -std=gnu99 -pedantic -Wall -Wnested-externs -Wstrict-prototypes -Wmissing-prototypes -Wno-overlength-strings -o conftest -g -O2   conftest.c   -lX11 >&5
configure:6004: $? = 0
configure:6120: checking for gethostbyname
configure:6120: gcc -std=gnu99 -pedantic -Wall -Wnested-externs -Wstrict-prototypes -Wmissing-prototypes -Wno-overlength-strings -o conftest -g -O2   conftest.c  >&5
configure:6120: $? = 0
configure:6120: result: yes
configure:6234: checking for connect
configure:6234: gcc -std=gnu99 -pedantic -Wall -Wnested-externs -Wstrict-prototypes -Wmissing-prototypes -Wno-overlength-strings -o conftest -g -O2   conftest.c  >&5
configure:6234: $? = 0
configure:6234: result: yes
configure:6292: checking for remove
configure:6292: gcc -std=gnu99 -pedantic -Wall -Wnested-externs -Wstrict-prototypes -Wmissing-prototypes -Wno-overlength-strings -o conftest -g -O2   conftest.c  >&5
configure:6292: $? = 0
configure:6292: result: yes
configure:6350: checking for shmat
configure:6350: gcc -std=gnu99 -pedantic -Wall -Wnested-externs -Wstrict-prototypes -Wmissing-prototypes -Wno-overlength-strings -o conftest -g -O2   conftest.c  >&5
configure:6350: $? = 0
configure:6350: result: yes
configure:6417: checking for IceConnectionNumber in -lICE
configure:6446: gcc -std=gnu99 -pedantic -Wall -Wnested-externs -Wstrict-prototypes -Wmissing-prototypes -Wno-overlength-strings -o conftest -g -O2   conftest.c -lICE   >&5
configure:6446: $? = 0
configure:6458: result: yes
configure:6662: checking for XPointer
configure:6686: gcc -std=gnu99 -pedantic -Wall -Wnested-externs -Wstrict-prototypes -Wmissing-prototypes -Wno-overlength-strings -c -g -O2 -I/usr/local/include conftest.c >&5
conftest.c: In function 'main':
conftest.c:50:10: warning: unused variable 'foo' [-Wunused-variable]
   50 | XPointer foo = (XPointer) 0;
      |          ^~~
configure:6686: $? = 0
configure:6697: result: yes
configure:6703: checking for Xt
configure:6728: gcc -std=gnu99 -pedantic -Wall -Wnested-externs -Wstrict-prototypes -Wmissing-prototypes -Wno-overlength-strings -c -g -O2 -I/usr/local/include conftest.c >&5
conftest.c: In function 'main':
conftest.c:51:8: warning: unused variable 'foo' [-Wunused-variable]
   51 | Widget foo = (Widget) 0;
      |        ^~~
configure:6728: $? = 0
configure:6739: result: yes
configure:6742: checking whether this is macOS
configure:6754: result: no
configure:6817: checking for pkg-config
configure:6840: found /usr/bin/pkg-config
configure:6853: result: /usr/bin/pkg-config
configure:6926: checking whether NLS is requested
configure:6937: result: yes
configure:6962: checking for intltool-update
configure:6985: found /usr/bin/intltool-update
configure:6998: result: /usr/bin/intltool-update
configure:7007: checking for intltool-merge
configure:7030: found /usr/bin/intltool-merge
configure:7043: result: /usr/bin/intltool-merge
configure:7052: checking for intltool-extract
configure:7075: found /usr/bin/intltool-extract
configure:7088: result: /usr/bin/intltool-extract
configure:7138: checking for xgettext
configure:7161: found /usr/bin/xgettext
configure:7174: result: /usr/bin/xgettext
configure:7183: checking for msgmerge
configure:7206: found /usr/bin/msgmerge
configure:7219: result: /usr/bin/msgmerge
configure:7228: checking for msgfmt
configure:7251: found /usr/bin/msgfmt
configure:7264: result: /usr/bin/msgfmt
configure:7273: checking for gmsgfmt
configure:7310: result: /usr/bin/msgfmt
configure:7335: checking for a race-free mkdir -p
configure:7378: result: /usr/bin/mkdir -p
configure:7381: checking for a sed that does not truncate output
configure:7453: result: /usr/bin/sed
configure:7489: checking for msgfmt
configure:7523: result: /usr/bin/msgfmt
configure:7532: checking for gmsgfmt
configure:7569: result: /usr/bin/msgfmt
configure:7610: checking for xgettext
configure:7644: result: /usr/bin/xgettext
configure:7687: checking for msgmerge
configure:7720: result: /usr/bin/msgmerge
configure:7782: checking for ld used by gcc -std=gnu99 -pedantic -Wall -Wnested-externs -Wstrict-prototypes -Wmissing-prototypes -Wno-overlength-strings
configure:7912: result: /usr/bin/ld
configure:7919: checking if the linker (/usr/bin/ld) is GNU ld
configure:7936: result: yes
configure:7940: checking for shared library run path origin
configure:7955: result: done
configure:7975: checking 32-bit host C ABI
configure:8028: gcc -std=gnu99 -pedantic -Wall -Wnested-externs -Wstrict-prototypes -Wmissing-prototypes -Wno-overlength-strings -c -g -O2  conftest.c >&5
configure:8028: $? = 0
configure:8042: result: no
configure:8047: checking for egrep -e
configure:8177: result: /usr/bin/grep -E
configure:8181: checking for ELF binary format
configure:8207: result: yes
configure:8259: checking for the common suffixes of directories in the library search path
configure:8336: result: lib,lib,lib
configure:8831: checking for CFPreferencesCopyAppValue
configure:8850: gcc -std=gnu99 -pedantic -Wall -Wnested-externs -Wstrict-prototypes -Wmissing-prototypes -Wno-overlength-strings -o conftest -g -O2   conftest.c  -Wl,-framework -Wl,CoreFoundation >&5
conftest.c:47:10: fatal error: CoreFoundation/CFPreferences.h: No such file or directory
   47 | #include <CoreFoundation/CFPreferences.h>
      |          ^~~~~~~~~~~~~~~~~~~~~~~~~~~~~~~~
compilation terminated.
configure:8850: $? = 1
configure: failed program was:
| /* confdefs.h */
| #define PACKAGE_NAME ""
| #define PACKAGE_TARNAME ""
| #define PACKAGE_VERSION ""
| #define PACKAGE_STRING ""
| #define PACKAGE_BUGREPORT ""
| #define PACKAGE_URL ""
| #define HAVE_STDIO_H 1
| #define HAVE_STDLIB_H 1
| #define HAVE_STRING_H 1
| #define HAVE_INTTYPES_H 1
| #define HAVE_STDINT_H 1
| #define HAVE_STRINGS_H 1
| #define HAVE_SYS_STAT_H 1
| #define HAVE_SYS_TYPES_H 1
| #define HAVE_UNISTD_H 1
| #define STDC_HEADERS 1
| #define HAVE_UNISTD_H 1
| #define HAVE_INTTYPES_H 1
| #define RETSIGTYPE void
| #define HAVE_SYS_WAIT_H 1
| #define HAVE_DIRENT_H 1
| #define HAVE_GETTIMEOFDAY 1
| #define GETTIMEOFDAY_TWO_ARGS 1
| #define HAVE_SELECT 1
| #define HAVE_FCNTL 1
| #define HAVE_UNAME 1
| #define HAVE_NICE 1
| #define HAVE_SETPRIORITY 1
| #define HAVE_GETCWD 1
| #define HAVE_GETWD 1
| #define HAVE_PUTENV 1
| #define HAVE_SBRK 1
| #define HAVE_SIGACTION 1
| #define HAVE_SYSLOG 1
| #define HAVE_REALPATH 1
| #define HAVE_SETRLIMIT 1
| #define HAVE_SETLOCALE 1
| #define HAVE_GETADDRINFO 1
| #define HAVE_ICMP 1
| #define HAVE_ICMPHDR 1
| #define HAVE_GETIFADDRS 1
| #define HAVE_CRYPT_H 1
| #define HAVE_SYS_SELECT_H 1
| #define GETTEXT_PACKAGE "xscreensaver"
| /* end confdefs.h.  */
| #include <CoreFoundation/CFPreferences.h>
| int
| main (void)
| {
| CFPreferencesCopyAppValue(NULL, NULL)
|   ;
|   return 0;
| }
configure:8862: result: no
configure:8869: checking for CFLocaleCopyPreferredLanguages
configure:8888: gcc -std=gnu99 -pedantic -Wall -Wnested-externs -Wstrict-prototypes -Wmissing-prototypes -Wno-overlength-strings -o conftest -g -O2   conftest.c  -Wl,-framework -Wl,CoreFoundation >&5
conftest.c:47:10: fatal error: CoreFoundation/CFLocale.h: No such file or directory
   47 | #include <CoreFoundation/CFLocale.h>
      |          ^~~~~~~~~~~~~~~~~~~~~~~~~~~
compilation terminated.
configure:8888: $? = 1
configure: failed program was:
| /* confdefs.h */
| #define PACKAGE_NAME ""
| #define PACKAGE_TARNAME ""
| #define PACKAGE_VERSION ""
| #define PACKAGE_STRING ""
| #define PACKAGE_BUGREPORT ""
| #define PACKAGE_URL ""
| #define HAVE_STDIO_H 1
| #define HAVE_STDLIB_H 1
| #define HAVE_STRING_H 1
| #define HAVE_INTTYPES_H 1
| #define HAVE_STDINT_H 1
| #define HAVE_STRINGS_H 1
| #define HAVE_SYS_STAT_H 1
| #define HAVE_SYS_TYPES_H 1
| #define HAVE_UNISTD_H 1
| #define STDC_HEADERS 1
| #define HAVE_UNISTD_H 1
| #define HAVE_INTTYPES_H 1
| #define RETSIGTYPE void
| #define HAVE_SYS_WAIT_H 1
| #define HAVE_DIRENT_H 1
| #define HAVE_GETTIMEOFDAY 1
| #define GETTIMEOFDAY_TWO_ARGS 1
| #define HAVE_SELECT 1
| #define HAVE_FCNTL 1
| #define HAVE_UNAME 1
| #define HAVE_NICE 1
| #define HAVE_SETPRIORITY 1
| #define HAVE_GETCWD 1
| #define HAVE_GETWD 1
| #define HAVE_PUTENV 1
| #define HAVE_SBRK 1
| #define HAVE_SIGACTION 1
| #define HAVE_SYSLOG 1
| #define HAVE_REALPATH 1
| #define HAVE_SETRLIMIT 1
| #define HAVE_SETLOCALE 1
| #define HAVE_GETADDRINFO 1
| #define HAVE_ICMP 1
| #define HAVE_ICMPHDR 1
| #define HAVE_GETIFADDRS 1
| #define HAVE_CRYPT_H 1
| #define HAVE_SYS_SELECT_H 1
| #define GETTEXT_PACKAGE "xscreensaver"
| /* end confdefs.h.  */
| #include <CoreFoundation/CFLocale.h>
| int
| main (void)
| {
| CFLocaleCopyPreferredLanguages();
|   ;
|   return 0;
| }
configure:8900: result: no
configure:8944: checking for GNU gettext in libc
configure:8974: gcc -std=gnu99 -pedantic -Wall -Wnested-externs -Wstrict-prototypes -Wmissing-prototypes -Wno-overlength-strings -o conftest -g -O2   conftest.c  >&5
configure:8974: $? = 0
configure:8986: result: yes
configure:9876: checking whether to use NLS
configure:9878: result: yes
configure:9881: checking where the gettext function comes from
configure:9892: result: libc
configure:9994: checking for gettext in -lintl
configure:10023: gcc -std=gnu99 -pedantic -Wall -Wnested-externs -Wstrict-prototypes -Wmissing-prototypes -Wno-overlength-strings -o conftest -g -O2 -I/usr/local/include -L/usr/local/lib conftest.c -lintl   >&5
conftest.c:60:6: warning: conflicting types for built-in function 'gettext'; expected 'char *(const char *)' [-Wbuiltin-declaration-mismatch]
   60 | char gettext (void);
      |      ^~~~~~~
/usr/bin/ld: cannot find -lintl: No such file or directory
collect2: error: ld returned 1 exit status
configure:10023: $? = 1
configure: failed program was:
| /* confdefs.h */
| #define PACKAGE_NAME ""
| #define PACKAGE_TARNAME ""
| #define PACKAGE_VERSION ""
| #define PACKAGE_STRING ""
| #define PACKAGE_BUGREPORT ""
| #define PACKAGE_URL ""
| #define HAVE_STDIO_H 1
| #define HAVE_STDLIB_H 1
| #define HAVE_STRING_H 1
| #define HAVE_INTTYPES_H 1
| #define HAVE_STDINT_H 1
| #define HAVE_STRINGS_H 1
| #define HAVE_SYS_STAT_H 1
| #define HAVE_SYS_TYPES_H 1
| #define HAVE_UNISTD_H 1
| #define STDC_HEADERS 1
| #define HAVE_UNISTD_H 1
| #define HAVE_INTTYPES_H 1
| #define RETSIGTYPE void
| #define HAVE_SYS_WAIT_H 1
| #define HAVE_DIRENT_H 1
| #define HAVE_GETTIMEOFDAY 1
| #define GETTIMEOFDAY_TWO_ARGS 1
| #define HAVE_SELECT 1
| #define HAVE_FCNTL 1
| #define HAVE_UNAME 1
| #define HAVE_NICE 1
| #define HAVE_SETPRIORITY 1
| #define HAVE_GETCWD 1
| #define HAVE_GETWD 1
| #define HAVE_PUTENV 1
| #define HAVE_SBRK 1
| #define HAVE_SIGACTION 1
| #define HAVE_SYSLOG 1
| #define HAVE_REALPATH 1
| #define HAVE_SETRLIMIT 1
| #define HAVE_SETLOCALE 1
| #define HAVE_GETADDRINFO 1
| #define HAVE_ICMP 1
| #define HAVE_ICMPHDR 1
| #define HAVE_GETIFADDRS 1
| #define HAVE_CRYPT_H 1
| #define HAVE_SYS_SELECT_H 1
| #define GETTEXT_PACKAGE "xscreensaver"
| #define ENABLE_NLS 1
| #define HAVE_GETTEXT 1
| #define HAVE_DCGETTEXT 1
| /* end confdefs.h.  */
| 
| /* Override any GCC internal prototype to avoid an error.
|    Use char because int might match the return type of a GCC
|    builtin and then its argument prototype would still apply.
|    The 'extern "C"' is for builds by C++ compilers;
|    although this is not generally supported in C code supporting it here
|    has little cost and some practical benefit (sr 110532).  */
| #ifdef __cplusplus
| extern "C"
| #endif
| char gettext (void);
| int
| main (void)
| {
| return gettext ();
|   ;
|   return 0;
| }
configure:10035: result: no
configure:10066: checking for X app-defaults directory
configure:10148: result: /etc/X11/app-defaults
configure:10344: checking for X11/extensions/dpms.h
configure:10344: gcc -std=gnu99 -pedantic -Wall -Wnested-externs -Wstrict-prototypes -Wmissing-prototypes -Wno-overlength-strings -c -g -O2 -I/usr/local/include conftest.c >&5
configure:10344: $? = 0
configure:10344: result: yes
configure:10378: checking for DPMSInfo in -lXext
configure:10407: gcc -std=gnu99 -pedantic -Wall -Wnested-externs -Wstrict-prototypes -Wmissing-prototypes -Wno-overlength-strings -o conftest -g -O2 -I/usr/local/include -L/usr/local/lib conftest.c -lXext -lXext -lX11  >&5
configure:10407: $? = 0
configure:10419: result: yes
configure:10596: checking for X11/extensions/xf86vmode.h
configure:10596: gcc -std=gnu99 -pedantic -Wall -Wnested-externs -Wstrict-prototypes -Wmissing-prototypes -Wno-overlength-strings -c -g -O2 -I/usr/local/include conftest.c >&5
configure:10596: $? = 0
configure:10596: result: yes
configure:10627: checking for XF86VidModeGetViewPort in -lXxf86vm
configure:10656: gcc -std=gnu99 -pedantic -Wall -Wnested-externs -Wstrict-prototypes -Wmissing-prototypes -Wno-overlength-strings -o conftest -g -O2 -I/usr/local/include -L/usr/local/lib conftest.c -lXxf86vm -lXext -lX11  >&5
configure:10656: $? = 0
configure:10668: result: yes
configure:10768: checking for X11/extensions/Xinerama.h
configure:10768: gcc -std=gnu99 -pedantic -Wall -Wnested-externs -Wstrict-prototypes -Wmissing-prototypes -Wno-overlength-strings -c -g -O2 -I/usr/local/include conftest.c >&5
configure:10768: $? = 0
configure:10768: result: yes
configure:10801: checking for XineramaQueryScreens in -lXext
configure:10830: gcc -std=gnu99 -pedantic -Wall -Wnested-externs -Wstrict-prototypes -Wmissing-prototypes -Wno-overlength-strings -o conftest -g -O2 -I/usr/local/include -L/usr/local/lib conftest.c -lXext -lXext -lX11  >&5
/usr/bin/ld: /tmp/cchrU0Y4.o: in function `main':
$HOME/flurry_build/xscreensaver-6.09/conftest.c:66:(.text.startup+0x8): undefined reference to `XineramaQueryScreens'
collect2: error: ld returned 1 exit status
configure:10830: $? = 1
configure: failed program was:
| /* confdefs.h */
| #define PACKAGE_NAME ""
| #define PACKAGE_TARNAME ""
| #define PACKAGE_VERSION ""
| #define PACKAGE_STRING ""
| #define PACKAGE_BUGREPORT ""
| #define PACKAGE_URL ""
| #define HAVE_STDIO_H 1
| #define HAVE_STDLIB_H 1
| #define HAVE_STRING_H 1
| #define HAVE_INTTYPES_H 1
| #define HAVE_STDINT_H 1
| #define HAVE_STRINGS_H 1
| #define HAVE_SYS_STAT_H 1
| #define HAVE_SYS_TYPES_H 1
| #define HAVE_UNISTD_H 1
| #define STDC_HEADERS 1
| #define HAVE_UNISTD_H 1
| #define HAVE_INTTYPES_H 1
| #define RETSIGTYPE void
| #define HAVE_SYS_WAIT_H 1
| #define HAVE_DIRENT_H 1
| #define HAVE_GETTIMEOFDAY 1
| #define GETTIMEOFDAY_TWO_ARGS 1
| #define HAVE_SELECT 1
| #define HAVE_FCNTL 1
| #define HAVE_UNAME 1
| #define HAVE_NICE 1
| #define HAVE_SETPRIORITY 1
| #define HAVE_GETCWD 1
| #define HAVE_GETWD 1
| #define HAVE_PUTENV 1
| #define HAVE_SBRK 1
| #define HAVE_SIGACTION 1
| #define HAVE_SYSLOG 1
| #define HAVE_REALPATH 1
| #define HAVE_SETRLIMIT 1
| #define HAVE_SETLOCALE 1
| #define HAVE_GETADDRINFO 1
| #define HAVE_ICMP 1
| #define HAVE_ICMPHDR 1
| #define HAVE_GETIFADDRS 1
| #define HAVE_CRYPT_H 1
| #define HAVE_SYS_SELECT_H 1
| #define GETTEXT_PACKAGE "xscreensaver"
| #define ENABLE_NLS 1
| #define HAVE_GETTEXT 1
| #define HAVE_DCGETTEXT 1
| #define HAVE_DPMS_EXTENSION 1
| #define HAVE_XF86VMODE 1
| /* end confdefs.h.  */
| 
| /* Override any GCC internal prototype to avoid an error.
|    Use char because int might match the return type of a GCC
|    builtin and then its argument prototype would still apply.
|    The 'extern "C"' is for builds by C++ compilers;
|    although this is not generally supported in C code supporting it here
|    has little cost and some practical benefit (sr 110532).  */
| #ifdef __cplusplus
| extern "C"
| #endif
| char XineramaQueryScreens (void);
| int
| main (void)
| {
| return XineramaQueryScreens ();
|   ;
|   return 0;
| }
configure:10842: result: no
configure:10877: checking for XineramaQueryScreens in -lXinerama
configure:10906: gcc -std=gnu99 -pedantic -Wall -Wnested-externs -Wstrict-prototypes -Wmissing-prototypes -Wno-overlength-strings -o conftest -g -O2 -I/usr/local/include -L/usr/local/lib conftest.c -lXinerama -lXext -lX11  >&5
configure:10906: $? = 0
configure:10918: result: yes
configure:11022: checking for X11/extensions/Xrandr.h
configure:11022: gcc -std=gnu99 -pedantic -Wall -Wnested-externs -Wstrict-prototypes -Wmissing-prototypes -Wno-overlength-strings -c -g -O2 -I/usr/local/include conftest.c >&5
configure:11022: $? = 0
configure:11022: result: yes
configure:11055: checking for XRenderSetSubpixelOrder in -lXrender
configure:11084: gcc -std=gnu99 -pedantic -Wall -Wnested-externs -Wstrict-prototypes -Wmissing-prototypes -Wno-overlength-strings -o conftest -g -O2 -I/usr/local/include -L/usr/local/lib conftest.c -lXrender -lXext -lX11  >&5
configure:11084: $? = 0
configure:11096: result: yes
configure:11131: checking for XRRGetScreenInfo in -lXext
configure:11160: gcc -std=gnu99 -pedantic -Wall -Wnested-externs -Wstrict-prototypes -Wmissing-prototypes -Wno-overlength-strings -o conftest -g -O2 -I/usr/local/include -L/usr/local/lib conftest.c -lXext -lXrender -lXext -lX11  >&5
/usr/bin/ld: /tmp/ccgyLayD.o: in function `main':
$HOME/flurry_build/xscreensaver-6.09/conftest.c:67:(.text.startup+0x8): undefined reference to `XRRGetScreenInfo'
collect2: error: ld returned 1 exit status
configure:11160: $? = 1
configure: failed program was:
| /* confdefs.h */
| #define PACKAGE_NAME ""
| #define PACKAGE_TARNAME ""
| #define PACKAGE_VERSION ""
| #define PACKAGE_STRING ""
| #define PACKAGE_BUGREPORT ""
| #define PACKAGE_URL ""
| #define HAVE_STDIO_H 1
| #define HAVE_STDLIB_H 1
| #define HAVE_STRING_H 1
| #define HAVE_INTTYPES_H 1
| #define HAVE_STDINT_H 1
| #define HAVE_STRINGS_H 1
| #define HAVE_SYS_STAT_H 1
| #define HAVE_SYS_TYPES_H 1
| #define HAVE_UNISTD_H 1
| #define STDC_HEADERS 1
| #define HAVE_UNISTD_H 1
| #define HAVE_INTTYPES_H 1
| #define RETSIGTYPE void
| #define HAVE_SYS_WAIT_H 1
| #define HAVE_DIRENT_H 1
| #define HAVE_GETTIMEOFDAY 1
| #define GETTIMEOFDAY_TWO_ARGS 1
| #define HAVE_SELECT 1
| #define HAVE_FCNTL 1
| #define HAVE_UNAME 1
| #define HAVE_NICE 1
| #define HAVE_SETPRIORITY 1
| #define HAVE_GETCWD 1
| #define HAVE_GETWD 1
| #define HAVE_PUTENV 1
| #define HAVE_SBRK 1
| #define HAVE_SIGACTION 1
| #define HAVE_SYSLOG 1
| #define HAVE_REALPATH 1
| #define HAVE_SETRLIMIT 1
| #define HAVE_SETLOCALE 1
| #define HAVE_GETADDRINFO 1
| #define HAVE_ICMP 1
| #define HAVE_ICMPHDR 1
| #define HAVE_GETIFADDRS 1
| #define HAVE_CRYPT_H 1
| #define HAVE_SYS_SELECT_H 1
| #define GETTEXT_PACKAGE "xscreensaver"
| #define ENABLE_NLS 1
| #define HAVE_GETTEXT 1
| #define HAVE_DCGETTEXT 1
| #define HAVE_DPMS_EXTENSION 1
| #define HAVE_XF86VMODE 1
| #define HAVE_XINERAMA 1
| /* end confdefs.h.  */
| 
| /* Override any GCC internal prototype to avoid an error.
|    Use char because int might match the return type of a GCC
|    builtin and then its argument prototype would still apply.
|    The 'extern "C"' is for builds by C++ compilers;
|    although this is not generally supported in C code supporting it here
|    has little cost and some practical benefit (sr 110532).  */
| #ifdef __cplusplus
| extern "C"
| #endif
| char XRRGetScreenInfo (void);
| int
| main (void)
| {
| return XRRGetScreenInfo ();
|   ;
|   return 0;
| }
configure:11172: result: no
configure:11207: checking for XRRGetScreenInfo in -lXrandr
configure:11236: gcc -std=gnu99 -pedantic -Wall -Wnested-externs -Wstrict-prototypes -Wmissing-prototypes -Wno-overlength-strings -o conftest -g -O2 -I/usr/local/include -L/usr/local/lib conftest.c -lXrandr -lXrender -lXext -lX11  >&5
configure:11236: $? = 0
configure:11248: result: yes
configure:11272: checking for XRRGetScreenResources
configure:11300: gcc -std=gnu99 -pedantic -Wall -Wnested-externs -Wstrict-prototypes -Wmissing-prototypes -Wno-overlength-strings -c -g -O2 -I/usr/local/include conftest.c >&5
conftest.c: In function 'main':
conftest.c:60:21: warning: unused variable 'res' [-Wunused-variable]
   60 | XRRScreenResources *res =
      |                     ^~~
configure:11300: $? = 0
configure:11311: result: yes
configure:11398: checking for X11/extensions/XInput2.h
configure:11398: gcc -std=gnu99 -pedantic -Wall -Wnested-externs -Wstrict-prototypes -Wmissing-prototypes -Wno-overlength-strings -c -g -O2 -I/usr/local/include conftest.c >&5
configure:11398: $? = 0
configure:11398: result: yes
configure:11430: checking for XISelectEvents in -lXi
configure:11459: gcc -std=gnu99 -pedantic -Wall -Wnested-externs -Wstrict-prototypes -Wmissing-prototypes -Wno-overlength-strings -o conftest -g -O2 -I/usr/local/include -L/usr/local/lib conftest.c -lXi -lXext -lX11  >&5
configure:11459: $? = 0
configure:11471: result: yes
configure:11610: checking for XF86VidModeSetGamma in -lXxf86vm
configure:11639: gcc -std=gnu99 -pedantic -Wall -Wnested-externs -Wstrict-prototypes -Wmissing-prototypes -Wno-overlength-strings -o conftest -g -O2 -I/usr/local/include -L/usr/local/lib conftest.c -lXxf86vm -lXext -lX11  >&5
configure:11639: $? = 0
configure:11651: result: yes
configure:11689: checking for XF86VidModeSetGammaRamp in -lXxf86vm
configure:11718: gcc -std=gnu99 -pedantic -Wall -Wnested-externs -Wstrict-prototypes -Wmissing-prototypes -Wno-overlength-strings -o conftest -g -O2 -I/usr/local/include -L/usr/local/lib conftest.c -lXxf86vm -lXext -lX11  >&5
configure:11718: $? = 0
configure:11730: result: yes
configure:11836: checking for X11/extensions/xidle.h
configure:11836: gcc -std=gnu99 -pedantic -Wall -Wnested-externs -Wstrict-prototypes -Wmissing-prototypes -Wno-overlength-strings -c -g -O2 -I/usr/local/include conftest.c >&5
conftest.c:60:10: fatal error: X11/extensions/xidle.h: No such file or directory
   60 | #include <X11/extensions/xidle.h>
      |          ^~~~~~~~~~~~~~~~~~~~~~~~
compilation terminated.
configure:11836: $? = 1
configure: failed program was:
| /* confdefs.h */
| #define PACKAGE_NAME ""
| #define PACKAGE_TARNAME ""
| #define PACKAGE_VERSION ""
| #define PACKAGE_STRING ""
| #define PACKAGE_BUGREPORT ""
| #define PACKAGE_URL ""
| #define HAVE_STDIO_H 1
| #define HAVE_STDLIB_H 1
| #define HAVE_STRING_H 1
| #define HAVE_INTTYPES_H 1
| #define HAVE_STDINT_H 1
| #define HAVE_STRINGS_H 1
| #define HAVE_SYS_STAT_H 1
| #define HAVE_SYS_TYPES_H 1
| #define HAVE_UNISTD_H 1
| #define STDC_HEADERS 1
| #define HAVE_UNISTD_H 1
| #define HAVE_INTTYPES_H 1
| #define RETSIGTYPE void
| #define HAVE_SYS_WAIT_H 1
| #define HAVE_DIRENT_H 1
| #define HAVE_GETTIMEOFDAY 1
| #define GETTIMEOFDAY_TWO_ARGS 1
| #define HAVE_SELECT 1
| #define HAVE_FCNTL 1
| #define HAVE_UNAME 1
| #define HAVE_NICE 1
| #define HAVE_SETPRIORITY 1
| #define HAVE_GETCWD 1
| #define HAVE_GETWD 1
| #define HAVE_PUTENV 1
| #define HAVE_SBRK 1
| #define HAVE_SIGACTION 1
| #define HAVE_SYSLOG 1
| #define HAVE_REALPATH 1
| #define HAVE_SETRLIMIT 1
| #define HAVE_SETLOCALE 1
| #define HAVE_GETADDRINFO 1
| #define HAVE_ICMP 1
| #define HAVE_ICMPHDR 1
| #define HAVE_GETIFADDRS 1
| #define HAVE_CRYPT_H 1
| #define HAVE_SYS_SELECT_H 1
| #define GETTEXT_PACKAGE "xscreensaver"
| #define ENABLE_NLS 1
| #define HAVE_GETTEXT 1
| #define HAVE_DCGETTEXT 1
| #define HAVE_DPMS_EXTENSION 1
| #define HAVE_XF86VMODE 1
| #define HAVE_XINERAMA 1
| #define HAVE_RANDR 1
| #define HAVE_RANDR_12 1
| #define HAVE_XINPUT 1
| #define HAVE_XF86VMODE_GAMMA 1
| #define HAVE_XF86VMODE_GAMMA_RAMP 1
| /* end confdefs.h.  */
| #include <X11/Xlib.h>
| 
| #include <X11/extensions/xidle.h>
configure:11836: result: no
configure:12459: checking for X11/extensions/XShm.h
configure:12459: gcc -std=gnu99 -pedantic -Wall -Wnested-externs -Wstrict-prototypes -Wmissing-prototypes -Wno-overlength-strings -c -g -O2 -I/usr/local/include conftest.c >&5
configure:12459: $? = 0
configure:12459: result: yes
configure:12478: checking for sys/ipc.h
configure:12478: gcc -std=gnu99 -pedantic -Wall -Wnested-externs -Wstrict-prototypes -Wmissing-prototypes -Wno-overlength-strings -c -g -O2 -I/usr/local/include conftest.c >&5
configure:12478: $? = 0
configure:12478: result: yes
configure:12497: checking for sys/shm.h
configure:12497: gcc -std=gnu99 -pedantic -Wall -Wnested-externs -Wstrict-prototypes -Wmissing-prototypes -Wno-overlength-strings -c -g -O2 -I/usr/local/include conftest.c >&5
configure:12497: $? = 0
configure:12497: result: yes
configure:12674: checking for X11/extensions/Xdbe.h
configure:12674: gcc -std=gnu99 -pedantic -Wall -Wnested-externs -Wstrict-prototypes -Wmissing-prototypes -Wno-overlength-strings -c -g -O2 -I/usr/local/include conftest.c >&5
configure:12674: $? = 0
configure:12674: result: yes
configure:12790: checking for X11/XKBlib.h
configure:12790: gcc -std=gnu99 -pedantic -Wall -Wnested-externs -Wstrict-prototypes -Wmissing-prototypes -Wno-overlength-strings -c -g -O2 -I/usr/local/include conftest.c >&5
configure:12790: $? = 0
configure:12790: result: yes
configure:12814: checking for XHPDisableReset in X11/XHPlib.h
conftest.c:61:10: fatal error: X11/XHPlib.h: No such file or directory
   61 | #include <X11/XHPlib.h>
      |          ^~~~~~~~~~~~~~
compilation terminated.
configure:12837: result: no
configure:12930: checking whether /proc/6514/oom_score_adj exists
configure:12943: result: yes
configure:12951: result: enabling setuid to opt out of OOM-killer.
configure:6888: checking for libsystemd
configure:6893: result: 257
configure:13043: checking for libsystemd includes
configure:13052: result: 
configure:13054: checking for libsystemd libs
configure:13063: result: -lsystemd 
configure:13085: checking for systemd/sd-bus.h
configure:13085: gcc -std=gnu99 -pedantic -Wall -Wnested-externs -Wstrict-prototypes -Wmissing-prototypes -Wno-overlength-strings -c -g -O2 -I/usr/local/include conftest.c >&5
configure:13085: $? = 0
configure:13085: result: yes
configure:13100: result: checking for libsystemd usability...
configure:13122: checking for sd_bus_track_count_name in -lc
configure:13151: gcc -std=gnu99 -pedantic -Wall -Wnested-externs -Wstrict-prototypes -Wmissing-prototypes -Wno-overlength-strings -o conftest -g -O2 -I/usr/local/include -L/usr/local/lib conftest.c -lc -lsystemd  -lX11 -lXext -lm  >&5
configure:13151: $? = 0
configure:13163: result: yes
configure:6888: checking for libelogind
configure:6904: result: no
configure:13408: result: checking for libelogind usability... no
configure:13592: checking for PAM
configure:13616: gcc -std=gnu99 -pedantic -Wall -Wnested-externs -Wstrict-prototypes -Wmissing-prototypes -Wno-overlength-strings -c -g -O2 -I/usr/local/include conftest.c >&5
configure:13616: $? = 0
configure:13627: result: yes
configure:13639: checking for dlopen in -ldl
configure:13668: gcc -std=gnu99 -pedantic -Wall -Wnested-externs -Wstrict-prototypes -Wmissing-prototypes -Wno-overlength-strings -o conftest -g -O2   conftest.c -ldl   >&5
configure:13668: $? = 0
configure:13680: result: yes
configure:13689: checking for sigtimedwait in -lc
configure:13718: gcc -std=gnu99 -pedantic -Wall -Wnested-externs -Wstrict-prototypes -Wmissing-prototypes -Wno-overlength-strings -o conftest -g -O2   conftest.c -lc   >&5
configure:13718: $? = 0
configure:13730: result: yes
configure:13793: checking how to call pam_strerror
configure:13820: gcc -std=gnu99 -pedantic -Wall -Wnested-externs -Wstrict-prototypes -Wmissing-prototypes -Wno-overlength-strings -c -g -O2 -I/usr/local/include conftest.c >&5
conftest.c: In function 'main':
conftest.c:73:37: warning: unused variable 's' [-Wunused-variable]
   73 |                         const char *s = pam_strerror(pamh, PAM_SUCCESS);
      |                                     ^
configure:13820: $? = 0
configure:13869: result: two arguments
configure:13877: checking pam_fail_delay in -lpam
configure:13898: gcc -std=gnu99 -pedantic -Wall -Wnested-externs -Wstrict-prototypes -Wmissing-prototypes -Wno-overlength-strings -o conftest -g -O2  -lpam conftest.c  >&5
conftest.c: In function 'main':
conftest.c:73:24: warning: unused variable 'status' [-Wunused-variable]
   73 |                    int status = pam_fail_delay (pamh, usec);
      |                        ^~~~~~
/usr/bin/ld: /tmp/cczebn7M.o: in function `main':
$HOME/flurry_build/xscreensaver-6.09/conftest.c:73:(.text.startup+0x10): undefined reference to `pam_fail_delay'
collect2: error: ld returned 1 exit status
configure:13898: $? = 1
configure: failed program was:
| /* confdefs.h */
| #define PACKAGE_NAME ""
| #define PACKAGE_TARNAME ""
| #define PACKAGE_VERSION ""
| #define PACKAGE_STRING ""
| #define PACKAGE_BUGREPORT ""
| #define PACKAGE_URL ""
| #define HAVE_STDIO_H 1
| #define HAVE_STDLIB_H 1
| #define HAVE_STRING_H 1
| #define HAVE_INTTYPES_H 1
| #define HAVE_STDINT_H 1
| #define HAVE_STRINGS_H 1
| #define HAVE_SYS_STAT_H 1
| #define HAVE_SYS_TYPES_H 1
| #define HAVE_UNISTD_H 1
| #define STDC_HEADERS 1
| #define HAVE_UNISTD_H 1
| #define HAVE_INTTYPES_H 1
| #define RETSIGTYPE void
| #define HAVE_SYS_WAIT_H 1
| #define HAVE_DIRENT_H 1
| #define HAVE_GETTIMEOFDAY 1
| #define GETTIMEOFDAY_TWO_ARGS 1
| #define HAVE_SELECT 1
| #define HAVE_FCNTL 1
| #define HAVE_UNAME 1
| #define HAVE_NICE 1
| #define HAVE_SETPRIORITY 1
| #define HAVE_GETCWD 1
| #define HAVE_GETWD 1
| #define HAVE_PUTENV 1
| #define HAVE_SBRK 1
| #define HAVE_SIGACTION 1
| #define HAVE_SYSLOG 1
| #define HAVE_REALPATH 1
| #define HAVE_SETRLIMIT 1
| #define HAVE_SETLOCALE 1
| #define HAVE_GETADDRINFO 1
| #define HAVE_ICMP 1
| #define HAVE_ICMPHDR 1
| #define HAVE_GETIFADDRS 1
| #define HAVE_CRYPT_H 1
| #define HAVE_SYS_SELECT_H 1
| #define GETTEXT_PACKAGE "xscreensaver"
| #define ENABLE_NLS 1
| #define HAVE_GETTEXT 1
| #define HAVE_DCGETTEXT 1
| #define HAVE_DPMS_EXTENSION 1
| #define HAVE_XF86VMODE 1
| #define HAVE_XINERAMA 1
| #define HAVE_RANDR 1
| #define HAVE_RANDR_12 1
| #define HAVE_XINPUT 1
| #define HAVE_XF86VMODE_GAMMA 1
| #define HAVE_XF86VMODE_GAMMA_RAMP 1
| #define HAVE_XSHM_EXTENSION 1
| #define HAVE_DOUBLE_BUFFER_EXTENSION 1
| #define HAVE_XKB 1
| #define HAVE_PROC_OOM 1
| #define HAVE_LIBSYSTEMD 1
| #define HAVE_PAM 1
| #define PAM_SERVICE_NAME "xscreensaver"
| #define HAVE_SIGTIMEDWAIT 1
| #define PAM_STRERROR_TWO_ARGS 1
| /* end confdefs.h.  */
| #include <security/pam_appl.h>
| int
| main (void)
| {
| pam_handle_t *pamh = 0;
| 		   unsigned int usec = 1;
| 		   int status = pam_fail_delay (pamh, usec);
|   ;
|   return 0;
| }
configure:13918: result: no
configure:13988: checking for Kerberos 4
configure:14012: gcc -std=gnu99 -pedantic -Wall -Wnested-externs -Wstrict-prototypes -Wmissing-prototypes -Wno-overlength-strings -c -g -O2 -I/usr/local/include conftest.c >&5
conftest.c:67:10: fatal error: krb.h: No such file or directory
   67 | #include <krb.h>
      |          ^~~~~~~
compilation terminated.
configure:14012: $? = 1
configure: failed program was:
| /* confdefs.h */
| #define PACKAGE_NAME ""
| #define PACKAGE_TARNAME ""
| #define PACKAGE_VERSION ""
| #define PACKAGE_STRING ""
| #define PACKAGE_BUGREPORT ""
| #define PACKAGE_URL ""
| #define HAVE_STDIO_H 1
| #define HAVE_STDLIB_H 1
| #define HAVE_STRING_H 1
| #define HAVE_INTTYPES_H 1
| #define HAVE_STDINT_H 1
| #define HAVE_STRINGS_H 1
| #define HAVE_SYS_STAT_H 1
| #define HAVE_SYS_TYPES_H 1
| #define HAVE_UNISTD_H 1
| #define STDC_HEADERS 1
| #define HAVE_UNISTD_H 1
| #define HAVE_INTTYPES_H 1
| #define RETSIGTYPE void
| #define HAVE_SYS_WAIT_H 1
| #define HAVE_DIRENT_H 1
| #define HAVE_GETTIMEOFDAY 1
| #define GETTIMEOFDAY_TWO_ARGS 1
| #define HAVE_SELECT 1
| #define HAVE_FCNTL 1
| #define HAVE_UNAME 1
| #define HAVE_NICE 1
| #define HAVE_SETPRIORITY 1
| #define HAVE_GETCWD 1
| #define HAVE_GETWD 1
| #define HAVE_PUTENV 1
| #define HAVE_SBRK 1
| #define HAVE_SIGACTION 1
| #define HAVE_SYSLOG 1
| #define HAVE_REALPATH 1
| #define HAVE_SETRLIMIT 1
| #define HAVE_SETLOCALE 1
| #define HAVE_GETADDRINFO 1
| #define HAVE_ICMP 1
| #define HAVE_ICMPHDR 1
| #define HAVE_GETIFADDRS 1
| #define HAVE_CRYPT_H 1
| #define HAVE_SYS_SELECT_H 1
| #define GETTEXT_PACKAGE "xscreensaver"
| #define ENABLE_NLS 1
| #define HAVE_GETTEXT 1
| #define HAVE_DCGETTEXT 1
| #define HAVE_DPMS_EXTENSION 1
| #define HAVE_XF86VMODE 1
| #define HAVE_XINERAMA 1
| #define HAVE_RANDR 1
| #define HAVE_RANDR_12 1
| #define HAVE_XINPUT 1
| #define HAVE_XF86VMODE_GAMMA 1
| #define HAVE_XF86VMODE_GAMMA_RAMP 1
| #define HAVE_XSHM_EXTENSION 1
| #define HAVE_DOUBLE_BUFFER_EXTENSION 1
| #define HAVE_XKB 1
| #define HAVE_PROC_OOM 1
| #define HAVE_LIBSYSTEMD 1
| #define HAVE_PAM 1
| #define PAM_SERVICE_NAME "xscreensaver"
| #define HAVE_SIGTIMEDWAIT 1
| #define PAM_STRERROR_TWO_ARGS 1
| /* end confdefs.h.  */
| #include <krb.h>
| int
| main (void)
| {
| 
|   ;
|   return 0;
| }
configure:14023: result: no
configure:14025: checking for Kerberos 5
configure:14049: gcc -std=gnu99 -pedantic -Wall -Wnested-externs -Wstrict-prototypes -Wmissing-prototypes -Wno-overlength-strings -c -g -O2 -I/usr/local/include conftest.c >&5
conftest.c:67:10: fatal error: kerberosIV/krb.h: No such file or directory
   67 | #include <kerberosIV/krb.h>
      |          ^~~~~~~~~~~~~~~~~~
compilation terminated.
configure:14049: $? = 1
configure: failed program was:
| /* confdefs.h */
| #define PACKAGE_NAME ""
| #define PACKAGE_TARNAME ""
| #define PACKAGE_VERSION ""
| #define PACKAGE_STRING ""
| #define PACKAGE_BUGREPORT ""
| #define PACKAGE_URL ""
| #define HAVE_STDIO_H 1
| #define HAVE_STDLIB_H 1
| #define HAVE_STRING_H 1
| #define HAVE_INTTYPES_H 1
| #define HAVE_STDINT_H 1
| #define HAVE_STRINGS_H 1
| #define HAVE_SYS_STAT_H 1
| #define HAVE_SYS_TYPES_H 1
| #define HAVE_UNISTD_H 1
| #define STDC_HEADERS 1
| #define HAVE_UNISTD_H 1
| #define HAVE_INTTYPES_H 1
| #define RETSIGTYPE void
| #define HAVE_SYS_WAIT_H 1
| #define HAVE_DIRENT_H 1
| #define HAVE_GETTIMEOFDAY 1
| #define GETTIMEOFDAY_TWO_ARGS 1
| #define HAVE_SELECT 1
| #define HAVE_FCNTL 1
| #define HAVE_UNAME 1
| #define HAVE_NICE 1
| #define HAVE_SETPRIORITY 1
| #define HAVE_GETCWD 1
| #define HAVE_GETWD 1
| #define HAVE_PUTENV 1
| #define HAVE_SBRK 1
| #define HAVE_SIGACTION 1
| #define HAVE_SYSLOG 1
| #define HAVE_REALPATH 1
| #define HAVE_SETRLIMIT 1
| #define HAVE_SETLOCALE 1
| #define HAVE_GETADDRINFO 1
| #define HAVE_ICMP 1
| #define HAVE_ICMPHDR 1
| #define HAVE_GETIFADDRS 1
| #define HAVE_CRYPT_H 1
| #define HAVE_SYS_SELECT_H 1
| #define GETTEXT_PACKAGE "xscreensaver"
| #define ENABLE_NLS 1
| #define HAVE_GETTEXT 1
| #define HAVE_DCGETTEXT 1
| #define HAVE_DPMS_EXTENSION 1
| #define HAVE_XF86VMODE 1
| #define HAVE_XINERAMA 1
| #define HAVE_RANDR 1
| #define HAVE_RANDR_12 1
| #define HAVE_XINPUT 1
| #define HAVE_XF86VMODE_GAMMA 1
| #define HAVE_XF86VMODE_GAMMA_RAMP 1
| #define HAVE_XSHM_EXTENSION 1
| #define HAVE_DOUBLE_BUFFER_EXTENSION 1
| #define HAVE_XKB 1
| #define HAVE_PROC_OOM 1
| #define HAVE_LIBSYSTEMD 1
| #define HAVE_PAM 1
| #define PAM_SERVICE_NAME "xscreensaver"
| #define HAVE_SIGTIMEDWAIT 1
| #define PAM_STRERROR_TWO_ARGS 1
| /* end confdefs.h.  */
| #include <kerberosIV/krb.h>
| int
| main (void)
| {
| 
|   ;
|   return 0;
| }
configure:14060: result: no
configure:14390: checking for Sun-style shadow passwords
configure:14420: gcc -std=gnu99 -pedantic -Wall -Wnested-externs -Wstrict-prototypes -Wmissing-prototypes -Wno-overlength-strings -c -g -O2 -I/usr/local/include conftest.c >&5
conftest.c:70:46: fatal error: sys/label.h: No such file or directory
   70 |                                     #include <sys/label.h>
      |                                              ^~~~~~~~~~~~~
compilation terminated.
configure:14420: $? = 1
configure: failed program was:
| /* confdefs.h */
| #define PACKAGE_NAME ""
| #define PACKAGE_TARNAME ""
| #define PACKAGE_VERSION ""
| #define PACKAGE_STRING ""
| #define PACKAGE_BUGREPORT ""
| #define PACKAGE_URL ""
| #define HAVE_STDIO_H 1
| #define HAVE_STDLIB_H 1
| #define HAVE_STRING_H 1
| #define HAVE_INTTYPES_H 1
| #define HAVE_STDINT_H 1
| #define HAVE_STRINGS_H 1
| #define HAVE_SYS_STAT_H 1
| #define HAVE_SYS_TYPES_H 1
| #define HAVE_UNISTD_H 1
| #define STDC_HEADERS 1
| #define HAVE_UNISTD_H 1
| #define HAVE_INTTYPES_H 1
| #define RETSIGTYPE void
| #define HAVE_SYS_WAIT_H 1
| #define HAVE_DIRENT_H 1
| #define HAVE_GETTIMEOFDAY 1
| #define GETTIMEOFDAY_TWO_ARGS 1
| #define HAVE_SELECT 1
| #define HAVE_FCNTL 1
| #define HAVE_UNAME 1
| #define HAVE_NICE 1
| #define HAVE_SETPRIORITY 1
| #define HAVE_GETCWD 1
| #define HAVE_GETWD 1
| #define HAVE_PUTENV 1
| #define HAVE_SBRK 1
| #define HAVE_SIGACTION 1
| #define HAVE_SYSLOG 1
| #define HAVE_REALPATH 1
| #define HAVE_SETRLIMIT 1
| #define HAVE_SETLOCALE 1
| #define HAVE_GETADDRINFO 1
| #define HAVE_ICMP 1
| #define HAVE_ICMPHDR 1
| #define HAVE_GETIFADDRS 1
| #define HAVE_CRYPT_H 1
| #define HAVE_SYS_SELECT_H 1
| #define GETTEXT_PACKAGE "xscreensaver"
| #define ENABLE_NLS 1
| #define HAVE_GETTEXT 1
| #define HAVE_DCGETTEXT 1
| #define HAVE_DPMS_EXTENSION 1
| #define HAVE_XF86VMODE 1
| #define HAVE_XINERAMA 1
| #define HAVE_RANDR 1
| #define HAVE_RANDR_12 1
| #define HAVE_XINPUT 1
| #define HAVE_XF86VMODE_GAMMA 1
| #define HAVE_XF86VMODE_GAMMA_RAMP 1
| #define HAVE_XSHM_EXTENSION 1
| #define HAVE_DOUBLE_BUFFER_EXTENSION 1
| #define HAVE_XKB 1
| #define HAVE_PROC_OOM 1
| #define HAVE_LIBSYSTEMD 1
| #define HAVE_PAM 1
| #define PAM_SERVICE_NAME "xscreensaver"
| #define HAVE_SIGTIMEDWAIT 1
| #define PAM_STRERROR_TWO_ARGS 1
| /* end confdefs.h.  */
| #include <stdlib.h>
|                                     #include <unistd.h>
|                                     #include <sys/types.h>
|                                     #include <sys/label.h>
|                                     #include <sys/audit.h>
|                                     #include <pwdadj.h>
| int
| main (void)
| {
| struct passwd_adjunct *p = getpwanam("nobody");
|                        const char *pw = p->pwa_passwd;
|   ;
|   return 0;
| }
configure:14431: result: no
configure:14447: checking for DEC-style shadow passwords
configure:14481: gcc -std=gnu99 -pedantic -Wall -Wnested-externs -Wstrict-prototypes -Wmissing-prototypes -Wno-overlength-strings -c -g -O2 -I/usr/local/include conftest.c >&5
conftest.c:71:46: fatal error: sys/security.h: No such file or directory
   71 |                                     #include <sys/security.h>
      |                                              ^~~~~~~~~~~~~~~~
compilation terminated.
configure:14481: $? = 1
configure: failed program was:
| /* confdefs.h */
| #define PACKAGE_NAME ""
| #define PACKAGE_TARNAME ""
| #define PACKAGE_VERSION ""
| #define PACKAGE_STRING ""
| #define PACKAGE_BUGREPORT ""
| #define PACKAGE_URL ""
| #define HAVE_STDIO_H 1
| #define HAVE_STDLIB_H 1
| #define HAVE_STRING_H 1
| #define HAVE_INTTYPES_H 1
| #define HAVE_STDINT_H 1
| #define HAVE_STRINGS_H 1
| #define HAVE_SYS_STAT_H 1
| #define HAVE_SYS_TYPES_H 1
| #define HAVE_UNISTD_H 1
| #define STDC_HEADERS 1
| #define HAVE_UNISTD_H 1
| #define HAVE_INTTYPES_H 1
| #define RETSIGTYPE void
| #define HAVE_SYS_WAIT_H 1
| #define HAVE_DIRENT_H 1
| #define HAVE_GETTIMEOFDAY 1
| #define GETTIMEOFDAY_TWO_ARGS 1
| #define HAVE_SELECT 1
| #define HAVE_FCNTL 1
| #define HAVE_UNAME 1
| #define HAVE_NICE 1
| #define HAVE_SETPRIORITY 1
| #define HAVE_GETCWD 1
| #define HAVE_GETWD 1
| #define HAVE_PUTENV 1
| #define HAVE_SBRK 1
| #define HAVE_SIGACTION 1
| #define HAVE_SYSLOG 1
| #define HAVE_REALPATH 1
| #define HAVE_SETRLIMIT 1
| #define HAVE_SETLOCALE 1
| #define HAVE_GETADDRINFO 1
| #define HAVE_ICMP 1
| #define HAVE_ICMPHDR 1
| #define HAVE_GETIFADDRS 1
| #define HAVE_CRYPT_H 1
| #define HAVE_SYS_SELECT_H 1
| #define GETTEXT_PACKAGE "xscreensaver"
| #define ENABLE_NLS 1
| #define HAVE_GETTEXT 1
| #define HAVE_DCGETTEXT 1
| #define HAVE_DPMS_EXTENSION 1
| #define HAVE_XF86VMODE 1
| #define HAVE_XINERAMA 1
| #define HAVE_RANDR 1
| #define HAVE_RANDR_12 1
| #define HAVE_XINPUT 1
| #define HAVE_XF86VMODE_GAMMA 1
| #define HAVE_XF86VMODE_GAMMA_RAMP 1
| #define HAVE_XSHM_EXTENSION 1
| #define HAVE_DOUBLE_BUFFER_EXTENSION 1
| #define HAVE_XKB 1
| #define HAVE_PROC_OOM 1
| #define HAVE_LIBSYSTEMD 1
| #define HAVE_PAM 1
| #define PAM_SERVICE_NAME "xscreensaver"
| #define HAVE_SIGTIMEDWAIT 1
| #define PAM_STRERROR_TWO_ARGS 1
| /* end confdefs.h.  */
| #include <stdlib.h>
|                                     #include <unistd.h>
|                                     #include <sys/types.h>
|                                     #include <pwd.h>
|                                     #include <sys/security.h>
|                                     #include <prot.h>
| int
| main (void)
| {
| struct pr_passwd *p;
|                        const char *pw;
|                        set_auth_parameters(0, 0);
|                        check_auth_parameters();
|                        p = getprpwnam("nobody");
|                        pw = p->ufld.fd_encrypt;
|   ;
|   return 0;
| }
configure:14492: result: no
configure:14611: checking for HP-style shadow passwords
configure:14641: gcc -std=gnu99 -pedantic -Wall -Wnested-externs -Wstrict-prototypes -Wmissing-prototypes -Wno-overlength-strings -c -g -O2 -I/usr/local/include conftest.c >&5
conftest.c:71:46: fatal error: hpsecurity.h: No such file or directory
   71 |                                     #include <hpsecurity.h>
      |                                              ^~~~~~~~~~~~~~
compilation terminated.
configure:14641: $? = 1
configure: failed program was:
| /* confdefs.h */
| #define PACKAGE_NAME ""
| #define PACKAGE_TARNAME ""
| #define PACKAGE_VERSION ""
| #define PACKAGE_STRING ""
| #define PACKAGE_BUGREPORT ""
| #define PACKAGE_URL ""
| #define HAVE_STDIO_H 1
| #define HAVE_STDLIB_H 1
| #define HAVE_STRING_H 1
| #define HAVE_INTTYPES_H 1
| #define HAVE_STDINT_H 1
| #define HAVE_STRINGS_H 1
| #define HAVE_SYS_STAT_H 1
| #define HAVE_SYS_TYPES_H 1
| #define HAVE_UNISTD_H 1
| #define STDC_HEADERS 1
| #define HAVE_UNISTD_H 1
| #define HAVE_INTTYPES_H 1
| #define RETSIGTYPE void
| #define HAVE_SYS_WAIT_H 1
| #define HAVE_DIRENT_H 1
| #define HAVE_GETTIMEOFDAY 1
| #define GETTIMEOFDAY_TWO_ARGS 1
| #define HAVE_SELECT 1
| #define HAVE_FCNTL 1
| #define HAVE_UNAME 1
| #define HAVE_NICE 1
| #define HAVE_SETPRIORITY 1
| #define HAVE_GETCWD 1
| #define HAVE_GETWD 1
| #define HAVE_PUTENV 1
| #define HAVE_SBRK 1
| #define HAVE_SIGACTION 1
| #define HAVE_SYSLOG 1
| #define HAVE_REALPATH 1
| #define HAVE_SETRLIMIT 1
| #define HAVE_SETLOCALE 1
| #define HAVE_GETADDRINFO 1
| #define HAVE_ICMP 1
| #define HAVE_ICMPHDR 1
| #define HAVE_GETIFADDRS 1
| #define HAVE_CRYPT_H 1
| #define HAVE_SYS_SELECT_H 1
| #define GETTEXT_PACKAGE "xscreensaver"
| #define ENABLE_NLS 1
| #define HAVE_GETTEXT 1
| #define HAVE_DCGETTEXT 1
| #define HAVE_DPMS_EXTENSION 1
| #define HAVE_XF86VMODE 1
| #define HAVE_XINERAMA 1
| #define HAVE_RANDR 1
| #define HAVE_RANDR_12 1
| #define HAVE_XINPUT 1
| #define HAVE_XF86VMODE_GAMMA 1
| #define HAVE_XF86VMODE_GAMMA_RAMP 1
| #define HAVE_XSHM_EXTENSION 1
| #define HAVE_DOUBLE_BUFFER_EXTENSION 1
| #define HAVE_XKB 1
| #define HAVE_PROC_OOM 1
| #define HAVE_LIBSYSTEMD 1
| #define HAVE_PAM 1
| #define PAM_SERVICE_NAME "xscreensaver"
| #define HAVE_SIGTIMEDWAIT 1
| #define PAM_STRERROR_TWO_ARGS 1
| /* end confdefs.h.  */
| #include <stdlib.h>
|                                     #include <unistd.h>
|                                     #include <sys/types.h>
|                                     #include <pwd.h>
|                                     #include <hpsecurity.h>
|                                     #include <prot.h>
| int
| main (void)
| {
| struct s_passwd *p = getspwnam("nobody");
|                        const char *pw = p->pw_passwd;
|   ;
|   return 0;
| }
configure:14652: result: no
configure:14724: checking for FreeBSD-style shadow passwords
configure:14737: result: no
configure:14752: checking for OpenBSD-style shadow passwords
configure:14780: gcc -std=gnu99 -pedantic -Wall -Wnested-externs -Wstrict-prototypes -Wmissing-prototypes -Wno-overlength-strings -c -g -O2 -I/usr/local/include conftest.c >&5
conftest.c: In function 'main':
conftest.c:74:18: error: implicit declaration of function 'getspnam_shadow' [-Wimplicit-function-declaration]
   74 | struct spwd *p = getspnam_shadow("nobody");
      |                  ^~~~~~~~~~~~~~~
conftest.c:74:18: warning: nested extern declaration of 'getspnam_shadow' [-Wnested-externs]
conftest.c:74:18: error: initialization of 'struct spwd *' from 'int' makes pointer from integer without a cast [-Wint-conversion]
conftest.c:75:42: error: invalid use of undefined type 'struct spwd'
   75 |                        const char *pw = p->pw_passwd;
      |                                          ^~
conftest.c:75:36: warning: unused variable 'pw' [-Wunused-variable]
   75 |                        const char *pw = p->pw_passwd;
      |                                    ^~
configure:14780: $? = 1
configure: failed program was:
| /* confdefs.h */
| #define PACKAGE_NAME ""
| #define PACKAGE_TARNAME ""
| #define PACKAGE_VERSION ""
| #define PACKAGE_STRING ""
| #define PACKAGE_BUGREPORT ""
| #define PACKAGE_URL ""
| #define HAVE_STDIO_H 1
| #define HAVE_STDLIB_H 1
| #define HAVE_STRING_H 1
| #define HAVE_INTTYPES_H 1
| #define HAVE_STDINT_H 1
| #define HAVE_STRINGS_H 1
| #define HAVE_SYS_STAT_H 1
| #define HAVE_SYS_TYPES_H 1
| #define HAVE_UNISTD_H 1
| #define STDC_HEADERS 1
| #define HAVE_UNISTD_H 1
| #define HAVE_INTTYPES_H 1
| #define RETSIGTYPE void
| #define HAVE_SYS_WAIT_H 1
| #define HAVE_DIRENT_H 1
| #define HAVE_GETTIMEOFDAY 1
| #define GETTIMEOFDAY_TWO_ARGS 1
| #define HAVE_SELECT 1
| #define HAVE_FCNTL 1
| #define HAVE_UNAME 1
| #define HAVE_NICE 1
| #define HAVE_SETPRIORITY 1
| #define HAVE_GETCWD 1
| #define HAVE_GETWD 1
| #define HAVE_PUTENV 1
| #define HAVE_SBRK 1
| #define HAVE_SIGACTION 1
| #define HAVE_SYSLOG 1
| #define HAVE_REALPATH 1
| #define HAVE_SETRLIMIT 1
| #define HAVE_SETLOCALE 1
| #define HAVE_GETADDRINFO 1
| #define HAVE_ICMP 1
| #define HAVE_ICMPHDR 1
| #define HAVE_GETIFADDRS 1
| #define HAVE_CRYPT_H 1
| #define HAVE_SYS_SELECT_H 1
| #define GETTEXT_PACKAGE "xscreensaver"
| #define ENABLE_NLS 1
| #define HAVE_GETTEXT 1
| #define HAVE_DCGETTEXT 1
| #define HAVE_DPMS_EXTENSION 1
| #define HAVE_XF86VMODE 1
| #define HAVE_XINERAMA 1
| #define HAVE_RANDR 1
| #define HAVE_RANDR_12 1
| #define HAVE_XINPUT 1
| #define HAVE_XF86VMODE_GAMMA 1
| #define HAVE_XF86VMODE_GAMMA_RAMP 1
| #define HAVE_XSHM_EXTENSION 1
| #define HAVE_DOUBLE_BUFFER_EXTENSION 1
| #define HAVE_XKB 1
| #define HAVE_PROC_OOM 1
| #define HAVE_LIBSYSTEMD 1
| #define HAVE_PAM 1
| #define PAM_SERVICE_NAME "xscreensaver"
| #define HAVE_SIGTIMEDWAIT 1
| #define PAM_STRERROR_TWO_ARGS 1
| /* end confdefs.h.  */
| #include <stdlib.h>
|                                     #include <unistd.h>
|                                     #include <sys/types.h>
|                                     #include <pwd.h>
| int
| main (void)
| {
| struct spwd *p = getspnam_shadow("nobody");
|                        const char *pw = p->pw_passwd;
|   ;
|   return 0;
| }
configure:14791: result: no
configure:14810: checking for generic shadow passwords
configure:14839: gcc -std=gnu99 -pedantic -Wall -Wnested-externs -Wstrict-prototypes -Wmissing-prototypes -Wno-overlength-strings -c -g -O2 -I/usr/local/include conftest.c >&5
conftest.c: In function 'main':
conftest.c:76:36: warning: unused variable 'pw' [-Wunused-variable]
   76 |                        const char *pw = p->sp_pwdp;
      |                                    ^~
configure:14839: $? = 0
configure:14850: result: yes
configure:14862: checking for getspnam in -lc
configure:14891: gcc -std=gnu99 -pedantic -Wall -Wnested-externs -Wstrict-prototypes -Wmissing-prototypes -Wno-overlength-strings -o conftest -g -O2   conftest.c -lc   >&5
configure:14891: $? = 0
configure:14903: result: yes
configure:14973: checking for crypt in -lc
configure:15002: gcc -std=gnu99 -pedantic -Wall -Wnested-externs -Wstrict-prototypes -Wmissing-prototypes -Wno-overlength-strings -o conftest -g -O2   conftest.c -lc   >&5
/usr/bin/ld: /tmp/ccLlsCuB.o: in function `main':
$HOME/flurry_build/xscreensaver-6.09/conftest.c:81:(.text.startup+0x8): undefined reference to `crypt'
collect2: error: ld returned 1 exit status
configure:15002: $? = 1
configure: failed program was:
| /* confdefs.h */
| #define PACKAGE_NAME ""
| #define PACKAGE_TARNAME ""
| #define PACKAGE_VERSION ""
| #define PACKAGE_STRING ""
| #define PACKAGE_BUGREPORT ""
| #define PACKAGE_URL ""
| #define HAVE_STDIO_H 1
| #define HAVE_STDLIB_H 1
| #define HAVE_STRING_H 1
| #define HAVE_INTTYPES_H 1
| #define HAVE_STDINT_H 1
| #define HAVE_STRINGS_H 1
| #define HAVE_SYS_STAT_H 1
| #define HAVE_SYS_TYPES_H 1
| #define HAVE_UNISTD_H 1
| #define STDC_HEADERS 1
| #define HAVE_UNISTD_H 1
| #define HAVE_INTTYPES_H 1
| #define RETSIGTYPE void
| #define HAVE_SYS_WAIT_H 1
| #define HAVE_DIRENT_H 1
| #define HAVE_GETTIMEOFDAY 1
| #define GETTIMEOFDAY_TWO_ARGS 1
| #define HAVE_SELECT 1
| #define HAVE_FCNTL 1
| #define HAVE_UNAME 1
| #define HAVE_NICE 1
| #define HAVE_SETPRIORITY 1
| #define HAVE_GETCWD 1
| #define HAVE_GETWD 1
| #define HAVE_PUTENV 1
| #define HAVE_SBRK 1
| #define HAVE_SIGACTION 1
| #define HAVE_SYSLOG 1
| #define HAVE_REALPATH 1
| #define HAVE_SETRLIMIT 1
| #define HAVE_SETLOCALE 1
| #define HAVE_GETADDRINFO 1
| #define HAVE_ICMP 1
| #define HAVE_ICMPHDR 1
| #define HAVE_GETIFADDRS 1
| #define HAVE_CRYPT_H 1
| #define HAVE_SYS_SELECT_H 1
| #define GETTEXT_PACKAGE "xscreensaver"
| #define ENABLE_NLS 1
| #define HAVE_GETTEXT 1
| #define HAVE_DCGETTEXT 1
| #define HAVE_DPMS_EXTENSION 1
| #define HAVE_XF86VMODE 1
| #define HAVE_XINERAMA 1
| #define HAVE_RANDR 1
| #define HAVE_RANDR_12 1
| #define HAVE_XINPUT 1
| #define HAVE_XF86VMODE_GAMMA 1
| #define HAVE_XF86VMODE_GAMMA_RAMP 1
| #define HAVE_XSHM_EXTENSION 1
| #define HAVE_DOUBLE_BUFFER_EXTENSION 1
| #define HAVE_XKB 1
| #define HAVE_PROC_OOM 1
| #define HAVE_LIBSYSTEMD 1
| #define HAVE_PAM 1
| #define PAM_SERVICE_NAME "xscreensaver"
| #define HAVE_SIGTIMEDWAIT 1
| #define PAM_STRERROR_TWO_ARGS 1
| /* end confdefs.h.  */
| 
| /* Override any GCC internal prototype to avoid an error.
|    Use char because int might match the return type of a GCC
|    builtin and then its argument prototype would still apply.
|    The 'extern "C"' is for builds by C++ compilers;
|    although this is not generally supported in C code supporting it here
|    has little cost and some practical benefit (sr 110532).  */
| #ifdef __cplusplus
| extern "C"
| #endif
| char crypt (void);
| int
| main (void)
| {
| return crypt ();
|   ;
|   return 0;
| }
configure:15014: result: no
configure:15022: checking for crypt in -lcrypt
configure:15051: gcc -std=gnu99 -pedantic -Wall -Wnested-externs -Wstrict-prototypes -Wmissing-prototypes -Wno-overlength-strings -o conftest -g -O2   conftest.c -lcrypt   >&5
configure:15051: $? = 0
configure:15063: result: yes
configure:6888: checking for gtk+-3.0
configure:6893: result: 3.24.49
configure:6888: checking for gmodule-2.0
configure:6893: result: 2.84.4
configure:6888: checking for libxml-2.0
configure:6893: result: 2.9.14
configure:6888: checking for gdk-pixbuf-2.0
configure:6893: result: 2.42.12
configure:15203: checking for Gtk includes
configure:15212: result: -I/usr/include/gtk-3.0 -I/usr/include/pango-1.0 -I/usr/include/glib-2.0 -I/usr/lib/aarch64-linux-gnu/glib-2.0/include -I/usr/include/sysprof-6 -I/usr/include/harfbuzz -I/usr/include/freetype2 -I/usr/include/libpng16 -I/usr/include/libmount -I/usr/include/blkid -I/usr/include/fribidi -I/usr/include/cairo -I/usr/include/pixman-1 -I/usr/include/gdk-pixbuf-2.0 -I/usr/include/aarch64-linux-gnu -I/usr/include/webp -I/usr/include/gio-unix-2.0 -I/usr/include/cloudproviders -I/usr/include/atk-1.0 -I/usr/include/at-spi2-atk/2.0 -I/usr/include/at-spi-2.0 -I/usr/include/dbus-1.0 -I/usr/lib/aarch64-linux-gnu/dbus-1.0/include -I/usr/include/libxml2 -pthread 
configure:15214: checking for Gtk libs
configure:15223: result: -lgtk-3 -lgdk-3 -lz -lpangocairo-1.0 -lpango-1.0 -lharfbuzz -latk-1.0 -lcairo-gobject -lcairo -lgio-2.0 -Wl,--export-dynamic -lgmodule-2.0 -pthread -lglib-2.0 -lxml2 -lgdk_pixbuf-2.0 -lgobject-2.0 -lglib-2.0 
configure:15246: checking for Glib resource compiler
configure:15255: result: /usr/bin/glib-compile-resources
configure:15270: checking for gnome-open
configure:15306: result: no
configure:15317: checking for gnome-url-show
configure:15353: result: no
configure:15864: checking for gdmflexiserver
configure:15903: result: no
configure:15917: checking for kdmctl
configure:15956: result: no
configure:15970: checking for lxdm
configure:16009: result: no
configure:16023: checking for dm-tool
configure:16046: found /usr/bin/dm-tool
configure:16059: result: /usr/bin/dm-tool
configure:16083: checking for login manager
configure:16091: result: dm-tool switch-to-greeter
configure:16144: checking for image directory /usr/share/rpd-wallpaper/
configure:16148: result: yes
configure:16236: checking for text file /usr/X11R6/lib/X11/doc/README
configure:16244: result: no
configure:16236: checking for text file /usr/share/doc/xserver-common/copyright
configure:16240: result: yes
configure:16445: checking target system type
configure:16460: result: aarch64-unknown-linux-gnu
configure:16648: checking whether gcc -std=gnu99 -pedantic -Wall -Wnested-externs -Wstrict-prototypes -Wmissing-prototypes -Wno-overlength-strings is Clang
configure:16676: result: no
configure:16739: checking whether pthreads work with "-pthread" and "-lpthread"
configure:16850: gcc -std=gnu99 -pedantic -Wall -Wnested-externs -Wstrict-prototypes -Wmissing-prototypes -Wno-overlength-strings -o conftest -g -O2 -pthread   conftest.c -lpthread  >&5
configure:16850: $? = 0
configure:16860: result: yes
configure:16981: checking for joinable pthread attribute
configure:17000: gcc -std=gnu99 -pedantic -Wall -Wnested-externs -Wstrict-prototypes -Wmissing-prototypes -Wno-overlength-strings -o conftest -g -O2 -pthread   conftest.c -lpthread  >&5
configure:17000: $? = 0
configure:17010: result: PTHREAD_CREATE_JOINABLE
configure:17023: checking whether more special flags are required for pthreads
configure:17038: result: no
configure:17047: checking for PTHREAD_PRIO_INHERIT
configure:17065: gcc -std=gnu99 -pedantic -Wall -Wnested-externs -Wstrict-prototypes -Wmissing-prototypes -Wno-overlength-strings -o conftest -g -O2 -pthread   conftest.c -lpthread  >&5
configure:17065: $? = 0
configure:17077: result: yes
configure:17411: checking for GL/gl.h
configure:17411: gcc -std=gnu99 -pedantic -Wall -Wnested-externs -Wstrict-prototypes -Wmissing-prototypes -Wno-overlength-strings -c -pthread -g -O2 -I/usr/local/include conftest.c >&5
configure:17411: $? = 0
configure:17411: result: yes
configure:17429: checking for GL/glu.h
configure:17429: gcc -std=gnu99 -pedantic -Wall -Wnested-externs -Wstrict-prototypes -Wmissing-prototypes -Wno-overlength-strings -c -pthread -g -O2 -I/usr/local/include conftest.c >&5
configure:17429: $? = 0
configure:17429: result: yes
configure:17725: checking for glEnable in -lGL
configure:17754: gcc -std=gnu99 -pedantic -Wall -Wnested-externs -Wstrict-prototypes -Wmissing-prototypes -Wno-overlength-strings -o conftest -pthread -g -O2 -I/usr/local/include -L/usr/local/lib conftest.c -lGL  -lm -lpthread  >&5
configure:17754: $? = 0
configure:17766: result: yes
configure:17883: checking for gluBuild2DMipmaps in -lGL
configure:17912: gcc -std=gnu99 -pedantic -Wall -Wnested-externs -Wstrict-prototypes -Wmissing-prototypes -Wno-overlength-strings -o conftest -pthread -g -O2 -I/usr/local/include -L/usr/local/lib conftest.c -lGL -lGL  -lm -lpthread  >&5
/usr/bin/ld: /tmp/cc2HgkYq.o: in function `main':
$HOME/flurry_build/xscreensaver-6.09/conftest.c:86:(.text.startup+0x8): undefined reference to `gluBuild2DMipmaps'
collect2: error: ld returned 1 exit status
configure:17912: $? = 1
configure: failed program was:
| /* confdefs.h */
| #define PACKAGE_NAME ""
| #define PACKAGE_TARNAME ""
| #define PACKAGE_VERSION ""
| #define PACKAGE_STRING ""
| #define PACKAGE_BUGREPORT ""
| #define PACKAGE_URL ""
| #define HAVE_STDIO_H 1
| #define HAVE_STDLIB_H 1
| #define HAVE_STRING_H 1
| #define HAVE_INTTYPES_H 1
| #define HAVE_STDINT_H 1
| #define HAVE_STRINGS_H 1
| #define HAVE_SYS_STAT_H 1
| #define HAVE_SYS_TYPES_H 1
| #define HAVE_UNISTD_H 1
| #define STDC_HEADERS 1
| #define HAVE_UNISTD_H 1
| #define HAVE_INTTYPES_H 1
| #define RETSIGTYPE void
| #define HAVE_SYS_WAIT_H 1
| #define HAVE_DIRENT_H 1
| #define HAVE_GETTIMEOFDAY 1
| #define GETTIMEOFDAY_TWO_ARGS 1
| #define HAVE_SELECT 1
| #define HAVE_FCNTL 1
| #define HAVE_UNAME 1
| #define HAVE_NICE 1
| #define HAVE_SETPRIORITY 1
| #define HAVE_GETCWD 1
| #define HAVE_GETWD 1
| #define HAVE_PUTENV 1
| #define HAVE_SBRK 1
| #define HAVE_SIGACTION 1
| #define HAVE_SYSLOG 1
| #define HAVE_REALPATH 1
| #define HAVE_SETRLIMIT 1
| #define HAVE_SETLOCALE 1
| #define HAVE_GETADDRINFO 1
| #define HAVE_ICMP 1
| #define HAVE_ICMPHDR 1
| #define HAVE_GETIFADDRS 1
| #define HAVE_CRYPT_H 1
| #define HAVE_SYS_SELECT_H 1
| #define GETTEXT_PACKAGE "xscreensaver"
| #define ENABLE_NLS 1
| #define HAVE_GETTEXT 1
| #define HAVE_DCGETTEXT 1
| #define HAVE_DPMS_EXTENSION 1
| #define HAVE_XF86VMODE 1
| #define HAVE_XINERAMA 1
| #define HAVE_RANDR 1
| #define HAVE_RANDR_12 1
| #define HAVE_XINPUT 1
| #define HAVE_XF86VMODE_GAMMA 1
| #define HAVE_XF86VMODE_GAMMA_RAMP 1
| #define HAVE_XSHM_EXTENSION 1
| #define HAVE_DOUBLE_BUFFER_EXTENSION 1
| #define HAVE_XKB 1
| #define HAVE_PROC_OOM 1
| #define HAVE_LIBSYSTEMD 1
| #define HAVE_PAM 1
| #define PAM_SERVICE_NAME "xscreensaver"
| #define HAVE_SIGTIMEDWAIT 1
| #define PAM_STRERROR_TWO_ARGS 1
| #define HAVE_SHADOW_PASSWD 1
| #define HAVE_GTK 1
| #define HAVE_XML 1
| #define HAVE_PTHREAD_PRIO_INHERIT 1
| #define HAVE_PTHREAD 1
| /* end confdefs.h.  */
| 
| /* Override any GCC internal prototype to avoid an error.
|    Use char because int might match the return type of a GCC
|    builtin and then its argument prototype would still apply.
|    The 'extern "C"' is for builds by C++ compilers;
|    although this is not generally supported in C code supporting it here
|    has little cost and some practical benefit (sr 110532).  */
| #ifdef __cplusplus
| extern "C"
| #endif
| char gluBuild2DMipmaps (void);
| int
| main (void)
| {
| return gluBuild2DMipmaps ();
|   ;
|   return 0;
| }
configure:17925: result: no
configure:17964: checking for gluBuild2DMipmaps in -lGLU
configure:17993: gcc -std=gnu99 -pedantic -Wall -Wnested-externs -Wstrict-prototypes -Wmissing-prototypes -Wno-overlength-strings -o conftest -pthread -g -O2 -I/usr/local/include -L/usr/local/lib conftest.c -lGLU -lGL  -lm -lpthread  >&5
configure:17993: $? = 0
configure:18005: result: yes
configure:18049: checking for glBindTexture in -lGL
configure:18078: gcc -std=gnu99 -pedantic -Wall -Wnested-externs -Wstrict-prototypes -Wmissing-prototypes -Wno-overlength-strings -o conftest -pthread -g -O2 -I/usr/local/include -L/usr/local/lib conftest.c -lGL -lGLU -lGL  -lX11 -lXext -lm -lpthread  >&5
configure:18078: $? = 0
configure:18091: result: yes
configure:18127: checking for glBindBuffer in -lGL
configure:18156: gcc -std=gnu99 -pedantic -Wall -Wnested-externs -Wstrict-prototypes -Wmissing-prototypes -Wno-overlength-strings -o conftest -pthread -g -O2 -I/usr/local/include -L/usr/local/lib conftest.c -lGL -lGLU -lGL  -lX11 -lXext -lm -lpthread  >&5
configure:18156: $? = 0
configure:18169: result: yes
configure:18192: checking for GL/glext.h
configure:18192: gcc -std=gnu99 -pedantic -Wall -Wnested-externs -Wstrict-prototypes -Wmissing-prototypes -Wno-overlength-strings -c -pthread -g -O2 -I/usr/local/include conftest.c >&5
configure:18192: $? = 0
configure:18192: result: yes
configure:18224: checking for glUseProgram in -lGL
configure:18253: gcc -std=gnu99 -pedantic -Wall -Wnested-externs -Wstrict-prototypes -Wmissing-prototypes -Wno-overlength-strings -o conftest -pthread -g -O2 -I/usr/local/include -L/usr/local/lib conftest.c -lGL -lGLU -lGL  -lX11 -lXext -lm -lpthread  >&5
configure:18253: $? = 0
configure:18266: result: yes
configure:18303: checking for glBlitFramebuffer in -lGL
configure:18332: gcc -std=gnu99 -pedantic -Wall -Wnested-externs -Wstrict-prototypes -Wmissing-prototypes -Wno-overlength-strings -o conftest -pthread -g -O2 -I/usr/local/include -L/usr/local/lib conftest.c -lGL -lGLU -lGL  -lX11 -lXext -lm -lpthread  >&5
configure:18332: $? = 0
configure:18345: result: yes
configure:18487: checking for glXCreateContext in -lGL
configure:18516: gcc -std=gnu99 -pedantic -Wall -Wnested-externs -Wstrict-prototypes -Wmissing-prototypes -Wno-overlength-strings -o conftest -pthread -g -O2 -I/usr/local/include -L/usr/local/lib conftest.c -lGL -lGLU -lGL  -lm -lpthread  >&5
configure:18516: $? = 0
configure:18529: result: yes
configure:18565: checking for eglCreatePlatformWindowSurface in -lGL
configure:18594: gcc -std=gnu99 -pedantic -Wall -Wnested-externs -Wstrict-prototypes -Wmissing-prototypes -Wno-overlength-strings -o conftest -pthread -g -O2 -I/usr/local/include -L/usr/local/lib conftest.c -lGL -lGLU -lGL  -lm -lpthread  >&5
/usr/bin/ld: /tmp/ccMSlGqx.o: in function `main':
$HOME/flurry_build/xscreensaver-6.09/conftest.c:92:(.text.startup+0x8): undefined reference to `eglCreatePlatformWindowSurface'
collect2: error: ld returned 1 exit status
configure:18594: $? = 1
configure: failed program was:
| /* confdefs.h */
| #define PACKAGE_NAME ""
| #define PACKAGE_TARNAME ""
| #define PACKAGE_VERSION ""
| #define PACKAGE_STRING ""
| #define PACKAGE_BUGREPORT ""
| #define PACKAGE_URL ""
| #define HAVE_STDIO_H 1
| #define HAVE_STDLIB_H 1
| #define HAVE_STRING_H 1
| #define HAVE_INTTYPES_H 1
| #define HAVE_STDINT_H 1
| #define HAVE_STRINGS_H 1
| #define HAVE_SYS_STAT_H 1
| #define HAVE_SYS_TYPES_H 1
| #define HAVE_UNISTD_H 1
| #define STDC_HEADERS 1
| #define HAVE_UNISTD_H 1
| #define HAVE_INTTYPES_H 1
| #define RETSIGTYPE void
| #define HAVE_SYS_WAIT_H 1
| #define HAVE_DIRENT_H 1
| #define HAVE_GETTIMEOFDAY 1
| #define GETTIMEOFDAY_TWO_ARGS 1
| #define HAVE_SELECT 1
| #define HAVE_FCNTL 1
| #define HAVE_UNAME 1
| #define HAVE_NICE 1
| #define HAVE_SETPRIORITY 1
| #define HAVE_GETCWD 1
| #define HAVE_GETWD 1
| #define HAVE_PUTENV 1
| #define HAVE_SBRK 1
| #define HAVE_SIGACTION 1
| #define HAVE_SYSLOG 1
| #define HAVE_REALPATH 1
| #define HAVE_SETRLIMIT 1
| #define HAVE_SETLOCALE 1
| #define HAVE_GETADDRINFO 1
| #define HAVE_ICMP 1
| #define HAVE_ICMPHDR 1
| #define HAVE_GETIFADDRS 1
| #define HAVE_CRYPT_H 1
| #define HAVE_SYS_SELECT_H 1
| #define GETTEXT_PACKAGE "xscreensaver"
| #define ENABLE_NLS 1
| #define HAVE_GETTEXT 1
| #define HAVE_DCGETTEXT 1
| #define HAVE_DPMS_EXTENSION 1
| #define HAVE_XF86VMODE 1
| #define HAVE_XINERAMA 1
| #define HAVE_RANDR 1
| #define HAVE_RANDR_12 1
| #define HAVE_XINPUT 1
| #define HAVE_XF86VMODE_GAMMA 1
| #define HAVE_XF86VMODE_GAMMA_RAMP 1
| #define HAVE_XSHM_EXTENSION 1
| #define HAVE_DOUBLE_BUFFER_EXTENSION 1
| #define HAVE_XKB 1
| #define HAVE_PROC_OOM 1
| #define HAVE_LIBSYSTEMD 1
| #define HAVE_PAM 1
| #define PAM_SERVICE_NAME "xscreensaver"
| #define HAVE_SIGTIMEDWAIT 1
| #define PAM_STRERROR_TWO_ARGS 1
| #define HAVE_SHADOW_PASSWD 1
| #define HAVE_GTK 1
| #define HAVE_XML 1
| #define HAVE_PTHREAD_PRIO_INHERIT 1
| #define HAVE_PTHREAD 1
| #define HAVE_GL 1
| #define HAVE_GLBINDTEXTURE 1
| #define HAVE_GLES 1
| #define HAVE_GLSL 1
| #define HAVE_GLES2 1
| #define HAVE_GLES3 1
| /* end confdefs.h.  */
| 
| /* Override any GCC internal prototype to avoid an error.
|    Use char because int might match the return type of a GCC
|    builtin and then its argument prototype would still apply.
|    The 'extern "C"' is for builds by C++ compilers;
|    although this is not generally supported in C code supporting it here
|    has little cost and some practical benefit (sr 110532).  */
| #ifdef __cplusplus
| extern "C"
| #endif
| char eglCreatePlatformWindowSurface (void);
| int
| main (void)
| {
| return eglCreatePlatformWindowSurface ();
|   ;
|   return 0;
| }
configure:18607: result: no
configure:18642: checking for eglCreatePlatformWindowSurface in -lEGL
configure:18671: gcc -std=gnu99 -pedantic -Wall -Wnested-externs -Wstrict-prototypes -Wmissing-prototypes -Wno-overlength-strings -o conftest -pthread -g -O2 -I/usr/local/include -L/usr/local/lib conftest.c -lEGL -lGLU -lGL  -lm -lpthread  >&5
configure:18671: $? = 0
configure:18683: result: yes
configure:18810: checking for GL/gle.h
configure:18810: gcc -std=gnu99 -pedantic -Wall -Wnested-externs -Wstrict-prototypes -Wmissing-prototypes -Wno-overlength-strings -c -g -O2 -I/usr/local/include conftest.c >&5
configure:18810: $? = 0
configure:18810: result: yes
configure:18886: checking for gleCreateGC in -lgle
configure:18915: gcc -std=gnu99 -pedantic -Wall -Wnested-externs -Wstrict-prototypes -Wmissing-prototypes -Wno-overlength-strings -o conftest -g -O2 -I/usr/local/include -L/usr/local/lib conftest.c -lgle -lEGL -lGLU -lGL  -lX11 -lXext -lm  >&5
configure:18915: $? = 0
configure:18927: result: yes
configure:18975: checking for uview_direction in -lgle
configure:19004: gcc -std=gnu99 -pedantic -Wall -Wnested-externs -Wstrict-prototypes -Wmissing-prototypes -Wno-overlength-strings -o conftest -g -O2 -I/usr/local/include -L/usr/local/lib conftest.c -lgle -lEGL -lGLU -lGL  -lX11 -lXext -lm  >&5
configure:19004: $? = 0
configure:19016: result: yes
configure:19197: checking for jpeglib.h
configure:19197: gcc -std=gnu99 -pedantic -Wall -Wnested-externs -Wstrict-prototypes -Wmissing-prototypes -Wno-overlength-strings -c -g -O2 -I/usr/local/include conftest.c >&5
configure:19197: $? = 0
configure:19197: result: yes
configure:19228: checking for jpeg_start_compress in -ljpeg
configure:19257: gcc -std=gnu99 -pedantic -Wall -Wnested-externs -Wstrict-prototypes -Wmissing-prototypes -Wno-overlength-strings -o conftest -g -O2 -I/usr/local/include -L/usr/local/lib conftest.c -ljpeg   >&5
configure:19257: $? = 0
configure:19269: result: yes
configure:19364: checking for png.h
configure:19364: gcc -std=gnu99 -pedantic -Wall -Wnested-externs -Wstrict-prototypes -Wmissing-prototypes -Wno-overlength-strings -c -g -O2 -I/usr/local/include conftest.c >&5
configure:19364: $? = 0
configure:19364: result: yes
configure:19395: checking for png_create_read_struct in -lpng
configure:19424: gcc -std=gnu99 -pedantic -Wall -Wnested-externs -Wstrict-prototypes -Wmissing-prototypes -Wno-overlength-strings -o conftest -g -O2 -I/usr/local/include -L/usr/local/lib conftest.c -lpng   >&5
configure:19424: $? = 0
configure:19436: result: yes
configure:6888: checking for gdk-pixbuf-2.0
configure:6893: result: 2.42.12
configure:6888: checking for gio-2.0
configure:6893: result: 2.84.4
configure:19547: checking for gdk-pixbuf includes
configure:19556: result: -I/usr/include/gdk-pixbuf-2.0 -I/usr/include/glib-2.0 -I/usr/lib/aarch64-linux-gnu/glib-2.0/include -I/usr/include/sysprof-6 -I/usr/include/libpng16 -I/usr/include/aarch64-linux-gnu -I/usr/include/webp -I/usr/include/libmount -I/usr/include/blkid -pthread 
configure:19558: checking for gdk-pixbuf libs
configure:19567: result: -lgdk_pixbuf-2.0 -lgio-2.0 -lgobject-2.0 -lglib-2.0 
configure:19588: checking for gdk-pixbuf/gdk-pixbuf.h
configure:19588: gcc -std=gnu99 -pedantic -Wall -Wnested-externs -Wstrict-prototypes -Wmissing-prototypes -Wno-overlength-strings -c -g -O2 -I/usr/include/gdk-pixbuf-2.0 -I/usr/include/glib-2.0 -I/usr/lib/aarch64-linux-gnu/glib-2.0/include -I/usr/include/sysprof-6 -I/usr/include/libpng16 -I/usr/include/aarch64-linux-gnu -I/usr/include/webp -I/usr/include/libmount -I/usr/include/blkid -pthread -I/usr/local/include conftest.c >&5
configure:19588: $? = 0
configure:19588: result: yes
configure:19601: result: checking for gdk_pixbuf usability...
configure:19622: checking for gdk_pixbuf_new_from_file in -lc
configure:19651: gcc -std=gnu99 -pedantic -Wall -Wnested-externs -Wstrict-prototypes -Wmissing-prototypes -Wno-overlength-strings -o conftest -g -O2 -I/usr/local/include -L/usr/local/lib conftest.c -lc -lgdk_pixbuf-2.0 -lgio-2.0 -lgobject-2.0 -lglib-2.0  -lX11 -lXext -lm  >&5
configure:19651: $? = 0
configure:19663: result: yes
configure:19706: checking for gdk_pixbuf_apply_embedded_orientation in -lc
configure:19735: gcc -std=gnu99 -pedantic -Wall -Wnested-externs -Wstrict-prototypes -Wmissing-prototypes -Wno-overlength-strings -o conftest -g -O2 -I/usr/local/include -L/usr/local/lib conftest.c -lc -lgdk_pixbuf-2.0 -lgio-2.0 -lgobject-2.0 -lglib-2.0  -lX11 -lXext -lm  >&5
configure:19735: $? = 0
configure:19747: result: yes
configure:19850: checking for Xutf8DrawString in -lX11
configure:19879: gcc -std=gnu99 -pedantic -Wall -Wnested-externs -Wstrict-prototypes -Wmissing-prototypes -Wno-overlength-strings -o conftest -g -O2 -I/usr/local/include -L/usr/local/lib conftest.c -lX11 -lX11 -lXext -lm  >&5
configure:19879: $? = 0
configure:19891: result: yes
configure:6888: checking for xft
configure:6893: result: 2.3.6
configure:19979: checking for Xft includes
configure:19988: result: -I/usr/include/freetype2 -I/usr/include/libpng16 
configure:19990: checking for Xft libs
configure:19999: result: -lXft 
configure:20021: checking for X11/Xft/Xft.h
configure:20021: gcc -std=gnu99 -pedantic -Wall -Wnested-externs -Wstrict-prototypes -Wmissing-prototypes -Wno-overlength-strings -c -g -O2 -I/usr/include/freetype2 -I/usr/include/libpng16 -I/usr/local/include conftest.c >&5
configure:20021: $? = 0
configure:20021: result: yes
configure:20037: result: checking for Xft usability...
configure:20058: checking for XftDrawStringUtf8 in -lc
configure:20087: gcc -std=gnu99 -pedantic -Wall -Wnested-externs -Wstrict-prototypes -Wmissing-prototypes -Wno-overlength-strings -o conftest -g -O2 -I/usr/local/include -L/usr/local/lib conftest.c -lc -lXft  -lX11 -lXext -lm  >&5
configure:20087: $? = 0
configure:20099: result: yes
configure:6888: checking for libavutil
configure:6904: result: no
configure:20704: checking for pty.h
configure:20704: gcc -std=gnu99 -pedantic -Wall -Wnested-externs -Wstrict-prototypes -Wmissing-prototypes -Wno-overlength-strings -c -g -O2  conftest.c >&5
configure:20704: $? = 0
configure:20704: result: yes
configure:20710: checking for util.h
configure:20710: gcc -std=gnu99 -pedantic -Wall -Wnested-externs -Wstrict-prototypes -Wmissing-prototypes -Wno-overlength-strings -c -g -O2  conftest.c >&5
conftest.c:116:10: fatal error: util.h: No such file or directory
  116 | #include <util.h>
      |          ^~~~~~~~
compilation terminated.
configure:20710: $? = 1
configure: failed program was:
| /* confdefs.h */
| #define PACKAGE_NAME ""
| #define PACKAGE_TARNAME ""
| #define PACKAGE_VERSION ""
| #define PACKAGE_STRING ""
| #define PACKAGE_BUGREPORT ""
| #define PACKAGE_URL ""
| #define HAVE_STDIO_H 1
| #define HAVE_STDLIB_H 1
| #define HAVE_STRING_H 1
| #define HAVE_INTTYPES_H 1
| #define HAVE_STDINT_H 1
| #define HAVE_STRINGS_H 1
| #define HAVE_SYS_STAT_H 1
| #define HAVE_SYS_TYPES_H 1
| #define HAVE_UNISTD_H 1
| #define STDC_HEADERS 1
| #define HAVE_UNISTD_H 1
| #define HAVE_INTTYPES_H 1
| #define RETSIGTYPE void
| #define HAVE_SYS_WAIT_H 1
| #define HAVE_DIRENT_H 1
| #define HAVE_GETTIMEOFDAY 1
| #define GETTIMEOFDAY_TWO_ARGS 1
| #define HAVE_SELECT 1
| #define HAVE_FCNTL 1
| #define HAVE_UNAME 1
| #define HAVE_NICE 1
| #define HAVE_SETPRIORITY 1
| #define HAVE_GETCWD 1
| #define HAVE_GETWD 1
| #define HAVE_PUTENV 1
| #define HAVE_SBRK 1
| #define HAVE_SIGACTION 1
| #define HAVE_SYSLOG 1
| #define HAVE_REALPATH 1
| #define HAVE_SETRLIMIT 1
| #define HAVE_SETLOCALE 1
| #define HAVE_GETADDRINFO 1
| #define HAVE_ICMP 1
| #define HAVE_ICMPHDR 1
| #define HAVE_GETIFADDRS 1
| #define HAVE_CRYPT_H 1
| #define HAVE_SYS_SELECT_H 1
| #define GETTEXT_PACKAGE "xscreensaver"
| #define ENABLE_NLS 1
| #define HAVE_GETTEXT 1
| #define HAVE_DCGETTEXT 1
| #define HAVE_DPMS_EXTENSION 1
| #define HAVE_XF86VMODE 1
| #define HAVE_XINERAMA 1
| #define HAVE_RANDR 1
| #define HAVE_RANDR_12 1
| #define HAVE_XINPUT 1
| #define HAVE_XF86VMODE_GAMMA 1
| #define HAVE_XF86VMODE_GAMMA_RAMP 1
| #define HAVE_XSHM_EXTENSION 1
| #define HAVE_DOUBLE_BUFFER_EXTENSION 1
| #define HAVE_XKB 1
| #define HAVE_PROC_OOM 1
| #define HAVE_LIBSYSTEMD 1
| #define HAVE_PAM 1
| #define PAM_SERVICE_NAME "xscreensaver"
| #define HAVE_SIGTIMEDWAIT 1
| #define PAM_STRERROR_TWO_ARGS 1
| #define HAVE_SHADOW_PASSWD 1
| #define HAVE_GTK 1
| #define HAVE_XML 1
| #define HAVE_PTHREAD_PRIO_INHERIT 1
| #define HAVE_PTHREAD 1
| #define HAVE_GL 1
| #define HAVE_GLBINDTEXTURE 1
| #define HAVE_GLES 1
| #define HAVE_GLSL 1
| #define HAVE_GLES2 1
| #define HAVE_GLES3 1
| #define HAVE_EGL 1
| #define HAVE_GLE 1
| #define HAVE_GLE3 1
| #define HAVE_JPEGLIB 1
| #define HAVE_LIBPNG 1
| #define HAVE_GDK_PIXBUF 1
| #define HAVE_GDK_PIXBUF_APPLY_EMBEDDED_ORIENTATION 1
| #define HAVE_XUTF8DRAWSTRING 1
| #define HAVE_XFT 1
| #define HAVE_PTY_H 1
| /* end confdefs.h.  */
| #include <stddef.h>
| #ifdef HAVE_STDIO_H
| # include <stdio.h>
| #endif
| #ifdef HAVE_STDLIB_H
| # include <stdlib.h>
| #endif
| #ifdef HAVE_STRING_H
| # include <string.h>
| #endif
| #ifdef HAVE_INTTYPES_H
| # include <inttypes.h>
| #endif
| #ifdef HAVE_STDINT_H
| # include <stdint.h>
| #endif
| #ifdef HAVE_STRINGS_H
| # include <strings.h>
| #endif
| #ifdef HAVE_SYS_TYPES_H
| # include <sys/types.h>
| #endif
| #ifdef HAVE_SYS_STAT_H
| # include <sys/stat.h>
| #endif
| #ifdef HAVE_UNISTD_H
| # include <unistd.h>
| #endif
| #include <util.h>
configure:20710: result: no
configure:20716: checking for sys/termios.h
configure:20716: gcc -std=gnu99 -pedantic -Wall -Wnested-externs -Wstrict-prototypes -Wmissing-prototypes -Wno-overlength-strings -c -g -O2  conftest.c >&5
configure:20716: $? = 0
configure:20716: result: yes
configure:20741: checking for forkpty in -lutil
configure:20770: gcc -std=gnu99 -pedantic -Wall -Wnested-externs -Wstrict-prototypes -Wmissing-prototypes -Wno-overlength-strings -o conftest -g -O2 -I/usr/local/include -L/usr/local/lib conftest.c -lutil   >&5
configure:20770: $? = 0
configure:20782: result: yes
configure:21192: checking for locale directory
configure:21211: result: /usr/share/locale
configure:21350: creating ./config.status

## ---------------------- ##
## Running config.status. ##
## ---------------------- ##

This file was extended by config.status, which was
generated by GNU Autoconf 2.72.  Invocation command line was

  CONFIG_FILES    = 
  CONFIG_HEADERS  = 
  CONFIG_LINKS    = 
  CONFIG_COMMANDS = 
  $ ./config.status 

on raspberrypi

config.status:1059: creating Makefile
config.status:1059: creating utils/Makefile
config.status:1059: creating jwxyz/Makefile
config.status:1059: creating hacks/Makefile
config.status:1059: creating hacks/fonts/Makefile
config.status:1059: creating hacks/images/Makefile
config.status:1059: creating hacks/glx/Makefile
config.status:1059: creating po/Makefile.in
config.status:1059: creating driver/Makefile
config.status:1059: creating driver/xscreensaver.pam
config.status:1059: creating driver/XScreenSaver.ad
config.status:1059: creating config.h
config.status:1253: executing po-directories commands
config.status:1253: executing po/stamp-it commands

## ---------------- ##
## Cache variables. ##
## ---------------- ##

ac_cv_browser=no
ac_cv_build=aarch64-unknown-linux-gnu
ac_cv_c_compiler_gnu=yes
ac_cv_enhanced_passwd=no
ac_cv_env_CC_set=
ac_cv_env_CC_value=
ac_cv_env_CFLAGS_set=
ac_cv_env_CFLAGS_value=
ac_cv_env_CPPFLAGS_set=
ac_cv_env_CPPFLAGS_value=
ac_cv_env_CPP_set=
ac_cv_env_CPP_value=
ac_cv_env_LDFLAGS_set=
ac_cv_env_LDFLAGS_value=
ac_cv_env_LIBS_set=
ac_cv_env_LIBS_value=
ac_cv_env_XMKMF_set=
ac_cv_env_XMKMF_value=
ac_cv_env_build_alias_set=
ac_cv_env_build_alias_value=
ac_cv_env_host_alias_set=
ac_cv_env_host_alias_value=
ac_cv_env_target_alias_set=
ac_cv_env_target_alias_value=
ac_cv_func_connect=yes
ac_cv_func_fcntl=yes
ac_cv_func_getaddrinfo=yes
ac_cv_func_getcwd=yes
ac_cv_func_gethostbyname=yes
ac_cv_func_getwd=yes
ac_cv_func_nice=yes
ac_cv_func_putenv=yes
ac_cv_func_realpath=yes
ac_cv_func_remove=yes
ac_cv_func_sbrk=yes
ac_cv_func_select=yes
ac_cv_func_setlocale=yes
ac_cv_func_setpriority=yes
ac_cv_func_setrlimit=yes
ac_cv_func_shmat=yes
ac_cv_func_sigaction=yes
ac_cv_func_sqrtf=no
ac_cv_func_syslog=yes
ac_cv_func_uname=yes
ac_cv_gcc_accepts_Wall=yes
ac_cv_gcc_accepts_gnu99=yes
ac_cv_gcc_accepts_no_overlength_strings=yes
ac_cv_gcc_accepts_pedantic=yes
ac_cv_gcc_accepts_wmissing_prototypes=yes
ac_cv_gcc_accepts_wnested_externs=yes
ac_cv_gcc_accepts_wstrict_prototypes=yes
ac_cv_gdk_pixbuf_config_cflags='-I/usr/include/gdk-pixbuf-2.0 -I/usr/include/glib-2.0 -I/usr/lib/aarch64-linux-gnu/glib-2.0/include -I/usr/include/sysprof-6 -I/usr/include/libpng16 -I/usr/include/aarch64-linux-gnu -I/usr/include/webp -I/usr/include/libmount -I/usr/include/blkid -pthread '
ac_cv_gdk_pixbuf_config_libs='-lgdk_pixbuf-2.0 -lgio-2.0 -lgobject-2.0 -lglib-2.0 '
ac_cv_gettimeofday_args=2
ac_cv_glib_res=/usr/bin/glib-compile-resources
ac_cv_gtk_config_cflags='-I/usr/include/gtk-3.0 -I/usr/include/pango-1.0 -I/usr/include/glib-2.0 -I/usr/lib/aarch64-linux-gnu/glib-2.0/include -I/usr/include/sysprof-6 -I/usr/include/harfbuzz -I/usr/include/freetype2 -I/usr/include/libpng16 -I/usr/include/libmount -I/usr/include/blkid -I/usr/include/fribidi -I/usr/include/cairo -I/usr/include/pixman-1 -I/usr/include/gdk-pixbuf-2.0 -I/usr/include/aarch64-linux-gnu -I/usr/include/webp -I/usr/include/gio-unix-2.0 -I/usr/include/cloudproviders -I/usr/include/atk-1.0 -I/usr/include/at-spi2-atk/2.0 -I/usr/include/at-spi-2.0 -I/usr/include/dbus-1.0 -I/usr/lib/aarch64-linux-gnu/dbus-1.0/include -I/usr/include/libxml2 -pthread '
ac_cv_gtk_config_libs='-lgtk-3 -lgdk-3 -lz -lpangocairo-1.0 -lpango-1.0 -lharfbuzz -latk-1.0 -lcairo-gobject -lcairo -lgio-2.0 -Wl,--export-dynamic -lgmodule-2.0 -pthread -lglib-2.0 -lxml2 -lgdk_pixbuf-2.0 -lgobject-2.0 -lglib-2.0 '
ac_cv_have_getifaddrs=yes
ac_cv_have_icmp=yes
ac_cv_have_icmphdr=yes
ac_cv_have_proc_oom=yes
ac_cv_have_x='have_x=yes	ac_x_includes='\'''\''	ac_x_libraries='\'''\'''
ac_cv_header_GL_gl_h=yes
ac_cv_header_GL_gle_h=yes
ac_cv_header_GL_glext_h=yes
ac_cv_header_GL_glu_h=yes
ac_cv_header_X11_XKBlib_h=yes
ac_cv_header_X11_Xft_Xft_h=yes
ac_cv_header_X11_extensions_XInput2_h=yes
ac_cv_header_X11_extensions_XShm_h=yes
ac_cv_header_X11_extensions_Xdbe_h=yes
ac_cv_header_X11_extensions_Xinerama_h=yes
ac_cv_header_X11_extensions_Xrandr_h=yes
ac_cv_header_X11_extensions_dpms_h=yes
ac_cv_header_X11_extensions_xf86vmode_h=yes
ac_cv_header_X11_extensions_xidle_h=no
ac_cv_header_crypt_h=yes
ac_cv_header_dirent_dirent_h=yes
ac_cv_header_gdk_pixbuf_gdk_pixbuf_h=yes
ac_cv_header_inttypes_h=yes
ac_cv_header_jpeglib_h=yes
ac_cv_header_png_h=yes
ac_cv_header_pty_h=yes
ac_cv_header_stdint_h=yes
ac_cv_header_stdio_h=yes
ac_cv_header_stdlib_h=yes
ac_cv_header_string_h=yes
ac_cv_header_strings_h=yes
ac_cv_header_sys_ipc_h=yes
ac_cv_header_sys_select_h=yes
ac_cv_header_sys_shm_h=yes
ac_cv_header_sys_stat_h=yes
ac_cv_header_sys_termios_h=yes
ac_cv_header_sys_types_h=yes
ac_cv_header_sys_wait_h=yes
ac_cv_header_systemd_sd_bus_h=yes
ac_cv_header_unistd_h=yes
ac_cv_header_util_h=no
ac_cv_host=aarch64-unknown-linux-gnu
ac_cv_hpux_passwd=no
ac_cv_imagedir=/usr/share/rpd-wallpaper/
ac_cv_install_d_creates_dirs=yes
ac_cv_kerberos5=no
ac_cv_kerberos=no
ac_cv_lib_EGL_eglCreatePlatformWindowSurface=yes
ac_cv_lib_GLU_gluBuild2DMipmaps=yes
ac_cv_lib_GL_eglCreatePlatformWindowSurface=no
ac_cv_lib_GL_glBindBuffer=yes
ac_cv_lib_GL_glBindTexture=yes
ac_cv_lib_GL_glBlitFramebuffer=yes
ac_cv_lib_GL_glEnable=yes
ac_cv_lib_GL_glUseProgram=yes
ac_cv_lib_GL_glXCreateContext=yes
ac_cv_lib_GL_gluBuild2DMipmaps=no
ac_cv_lib_ICE_IceConnectionNumber=yes
ac_cv_lib_X11_Xutf8DrawString=yes
ac_cv_lib_Xext_DPMSInfo=yes
ac_cv_lib_Xext_XRRGetScreenInfo=no
ac_cv_lib_Xext_XineramaQueryScreens=no
ac_cv_lib_Xi_XISelectEvents=yes
ac_cv_lib_Xinerama_XineramaQueryScreens=yes
ac_cv_lib_Xrandr_XRRGetScreenInfo=yes
ac_cv_lib_Xrender_XRenderSetSubpixelOrder=yes
ac_cv_lib_Xxf86vm_XF86VidModeGetViewPort=yes
ac_cv_lib_Xxf86vm_XF86VidModeSetGamma=yes
ac_cv_lib_Xxf86vm_XF86VidModeSetGammaRamp=yes
ac_cv_lib_c_XftDrawStringUtf8=yes
ac_cv_lib_c_crypt=no
ac_cv_lib_c_gdk_pixbuf_apply_embedded_orientation=yes
ac_cv_lib_c_gdk_pixbuf_new_from_file=yes
ac_cv_lib_c_getspnam=yes
ac_cv_lib_c_sd_bus_track_count_name=yes
ac_cv_lib_c_sigtimedwait=yes
ac_cv_lib_crypt_crypt=yes
ac_cv_lib_dl_dlopen=yes
ac_cv_lib_gle_gleCreateGC=yes
ac_cv_lib_gle_uview_direction=yes
ac_cv_lib_intl_gettext=no
ac_cv_lib_jpeg_jpeg_start_compress=yes
ac_cv_lib_png_png_create_read_struct=yes
ac_cv_lib_util_forkpty=yes
ac_cv_libxt=yes
ac_cv_login_manager_program='dm-tool switch-to-greeter'
ac_cv_master_passwd=no
ac_cv_member_struct_sockaddr_sa_len=no
ac_cv_objext=o
ac_cv_pam=yes
ac_cv_pam_fail_delay=no,
ac_cv_pam_strerror_args=2
ac_cv_path_EGREP_TRADITIONAL='/usr/bin/grep -E'
ac_cv_path_GMSGFMT=/usr/bin/msgfmt
ac_cv_path_INTLTOOL_EXTRACT=/usr/bin/intltool-extract
ac_cv_path_INTLTOOL_MERGE=/usr/bin/intltool-merge
ac_cv_path_INTLTOOL_UPDATE=/usr/bin/intltool-update
ac_cv_path_MSGFMT=/usr/bin/msgfmt
ac_cv_path_MSGMERGE=/usr/bin/msgmerge
ac_cv_path_PERL=/usr/bin/perl
ac_cv_path_SED=/usr/bin/sed
ac_cv_path_XGETTEXT=/usr/bin/xgettext
ac_cv_path_ac_pt_pkg_config=/usr/bin/pkg-config
ac_cv_path_install='/usr/bin/install -c'
ac_cv_path_login_manager_tmp=/usr/bin/dm-tool
ac_cv_path_mkdir=/usr/bin/mkdir
ac_cv_perl_version=5.040001
ac_cv_prog_CPP='gcc -std=gnu99 -pedantic -Wall -Wnested-externs -Wstrict-prototypes -Wmissing-prototypes -Wno-overlength-strings -E'
ac_cv_prog_ac_ct_CC=gcc
ac_cv_prog_cc_c11=
ac_cv_prog_cc_g=yes
ac_cv_prog_cc_stdc=
ac_cv_prog_make_make_set=yes
ac_cv_pwnam_shadow=no
ac_cv_randr_12=yes
ac_cv_search_opendir='none required'
ac_cv_shadow=yes
ac_cv_sun_adjunct=no
ac_cv_sys_largefile_opts='none needed'
ac_cv_systemd_config_cflags=
ac_cv_systemd_config_libs='-lsystemd '
ac_cv_target=aarch64-unknown-linux-gnu
ac_cv_textfile=/usr/share/doc/xserver-common/copyright
ac_cv_type_mode_t=yes
ac_cv_type_pid_t=yes
ac_cv_type_size_t=yes
ac_cv_type_socklen_t=yes
ac_cv_x_app_defaults=/etc/X11/app-defaults
ac_cv_xft_config_cflags='-I/usr/include/freetype2 -I/usr/include/libpng16 '
ac_cv_xft_config_libs='-lXft '
ac_cv_xpointer=yes
acl_cv_hardcode_direct=no
acl_cv_hardcode_libdir_flag_spec='${wl}-rpath ${wl}$libdir'
acl_cv_hardcode_libdir_separator=
acl_cv_hardcode_minus_L=no
acl_cv_libdirstems=lib,lib,lib
acl_cv_libext=a
acl_cv_libname_spec='lib$name'
acl_cv_library_names_spec='$libname$shrext'
acl_cv_path_LD=/usr/bin/ld
acl_cv_prog_gnu_ld=yes
acl_cv_rpath=done
acl_cv_shlibext=so
acl_cv_wl=-Wl,
ax_cv_PTHREAD_CLANG=no
ax_cv_PTHREAD_JOINABLE_ATTR=PTHREAD_CREATE_JOINABLE
ax_cv_PTHREAD_PRIO_INHERIT=yes
ax_cv_PTHREAD_SPECIAL_FLAGS=no
gl_cv_elf=yes
gl_cv_host_cpu_c_abi_32bit=no
gt_cv_func_CFLocaleCopyPreferredLanguages=no
gt_cv_func_CFPreferencesCopyAppValue=no
gt_cv_func_gnugettext1_libc=yes

## ----------------- ##
## Output variables. ##
## ----------------- ##

ALL_DEMO_PROGRAMS='xscreensaver-settings-Gtk '
ALL_LINGUAS='da de es et fi fr hu it ja ko nb nl pl pt pt_BR ru sk sv vi wa zh_CN zh_TW'
AM_DEFAULT_VERBOSITY='1'
ANIM_LIBS=''
ANIM_OBJS=''
APPDEFAULTS='/etc/X11/app-defaults'
CATALOGS=''
CC='gcc -std=gnu99 -pedantic -Wall -Wnested-externs -Wstrict-prototypes -Wmissing-prototypes -Wno-overlength-strings'
CFLAGS='-g -O2'
COMMENT_PAM_CHECK_ACCOUNT='#'
CPP='gcc -std=gnu99 -pedantic -Wall -Wnested-externs -Wstrict-prototypes -Wmissing-prototypes -Wno-overlength-strings -E'
CPPFLAGS=''
DEFAULT_IMAGES_P='True'
DEFAULT_IMAGE_DIRECTORY='/usr/share/rpd-wallpaper/'
DEFAULT_TEXT_FILE='/usr/share/doc/xserver-common/copyright'
DEFS='-DHAVE_CONFIG_H'
DEPEND='makedepend'
DEPEND_DEFINES=''
DEPEND_FLAGS=''
ECHO_C=''
ECHO_N='-n'
ECHO_T=''
EXEEXT=''
EXES_OSX=''
EXES_SYSTEMD='$(EXES_SYSTEMD)'
FFMPEG_CFLAGS=''
FFMPEG_LIBS=''
FFMPEG_OBJS=''
FONT_DIR='/usr/local/share/fonts/xscreensaver/'
GETTEXT_MACRO_VERSION='0.20'
GETTEXT_PACKAGE='xscreensaver'
GLE_EXES='$(GLE_EXES)'
GLE_KLUDGE=' '
GLE_LIBS='-lgle'
GLIB_COMPILE_RESOURCES='/usr/bin/glib-compile-resources'
GL_EXES='$(GL_EXES)'
GL_KLUDGE=' '
GL_LIBS='-lEGL -lGLU -lGL '
GL_MEN='$(GL_MEN)'
GL_UTIL_EXES='$(GL_UTIL_EXES)'
GMSGFMT='/usr/bin/msgfmt'
GMSGFMT_015='/usr/bin/msgfmt'
GNOME22='!	'
GNOME24='!	'
GTK_DATADIR='/usr/share'
GTK_LIBS=' -lgtk-3 -lgdk-3 -lz -lpangocairo-1.0 -lpango-1.0 -lharfbuzz -latk-1.0 -lcairo-gobject -lcairo -lgio-2.0 -Wl,--export-dynamic -lgmodule-2.0 -pthread -lglib-2.0 -lxml2 -lgdk_pixbuf-2.0 -lgobject-2.0 -lglib-2.0 '
HACKDIR='/usr/local/libexec/xscreensaver'
HACKDIR_FULL='/usr/local/libexec/xscreensaver'
HACK_CONF_DIR='/usr/local/share/xscreensaver/config'
HACK_LIBS=''
HAVE_PAM_FAIL_DELAY=''
INCLUDES='  -I/usr/include/gtk-3.0 -I/usr/include/pango-1.0 -I/usr/include/glib-2.0 -I/usr/lib/aarch64-linux-gnu/glib-2.0/include -I/usr/include/sysprof-6 -I/usr/include/harfbuzz -I/usr/include/freetype2 -I/usr/include/libpng16 -I/usr/include/libmount -I/usr/include/blkid -I/usr/include/fribidi -I/usr/include/cairo -I/usr/include/pixman-1 -I/usr/include/gdk-pixbuf-2.0 -I/usr/include/aarch64-linux-gnu -I/usr/include/webp -I/usr/include/gio-unix-2.0 -I/usr/include/cloudproviders -I/usr/include/atk-1.0 -I/usr/include/at-spi2-atk/2.0 -I/usr/include/at-spi-2.0 -I/usr/include/dbus-1.0 -I/usr/lib/aarch64-linux-gnu/dbus-1.0/include -I/usr/include/libxml2 -pthread  -I/usr/include/gdk-pixbuf-2.0 -I/usr/include/glib-2.0 -I/usr/lib/aarch64-linux-gnu/glib-2.0/include -I/usr/include/sysprof-6 -I/usr/include/libpng16 -I/usr/include/aarch64-linux-gnu -I/usr/include/webp -I/usr/include/libmount -I/usr/include/blkid -pthread  -I/usr/include/freetype2 -I/usr/include/libpng16 '
INSTALL_DATA='${INSTALL} -m 644'
INSTALL_DIRS='${INSTALL} -d'
INSTALL_PAM='install-pam'
INSTALL_PROGRAM='${INSTALL}'
INSTALL_SCRIPT='${INSTALL}'
INTLLIBS=''
INTLTOOL_CAVES_RULE='%.caves:     %.caves.in     $(INTLTOOL_MERGE) $(wildcard $(top_srcdir)/po/*.po) ; $(INTLTOOL_V_MERGE)LC_ALL=C $(INTLTOOL_MERGE) $(INTLTOOL_V_MERGE_OPTIONS) -d -u -c $(top_builddir)/po/.intltool-merge-cache $(top_srcdir)/po $< $@'
INTLTOOL_DESKTOP_RULE='%.desktop:   %.desktop.in   $(INTLTOOL_MERGE) $(wildcard $(top_srcdir)/po/*.po) ; $(INTLTOOL_V_MERGE)LC_ALL=C $(INTLTOOL_MERGE) $(INTLTOOL_V_MERGE_OPTIONS) -d -u -c $(top_builddir)/po/.intltool-merge-cache $(top_srcdir)/po $< $@'
INTLTOOL_DIRECTORY_RULE='%.directory: %.directory.in $(INTLTOOL_MERGE) $(wildcard $(top_srcdir)/po/*.po) ; $(INTLTOOL_V_MERGE)LC_ALL=C $(INTLTOOL_MERGE) $(INTLTOOL_V_MERGE_OPTIONS) -d -u -c $(top_builddir)/po/.intltool-merge-cache $(top_srcdir)/po $< $@'
INTLTOOL_EXTRACT='/usr/bin/intltool-extract'
INTLTOOL_KBD_RULE='%.kbd:       %.kbd.in       $(INTLTOOL_MERGE) $(wildcard $(top_srcdir)/po/*.po) ; $(INTLTOOL_V_MERGE)LC_ALL=C $(INTLTOOL_MERGE) $(INTLTOOL_V_MERGE_OPTIONS) -x -u -m -c $(top_builddir)/po/.intltool-merge-cache $(top_srcdir)/po $< $@'
INTLTOOL_KEYS_RULE='%.keys:      %.keys.in      $(INTLTOOL_MERGE) $(wildcard $(top_srcdir)/po/*.po) ; $(INTLTOOL_V_MERGE)LC_ALL=C $(INTLTOOL_MERGE) $(INTLTOOL_V_MERGE_OPTIONS) -k -u -c $(top_builddir)/po/.intltool-merge-cache $(top_srcdir)/po $< $@'
INTLTOOL_MERGE='/usr/bin/intltool-merge'
INTLTOOL_OAF_RULE='%.oaf:       %.oaf.in       $(INTLTOOL_MERGE) $(wildcard $(top_srcdir)/po/*.po) ; $(INTLTOOL_V_MERGE)LC_ALL=C $(INTLTOOL_MERGE) $(INTLTOOL_V_MERGE_OPTIONS) -o -p $(top_srcdir)/po $< $@'
INTLTOOL_POLICY_RULE='%.policy:    %.policy.in    $(INTLTOOL_MERGE) $(wildcard $(top_srcdir)/po/*.po) ; $(INTLTOOL_V_MERGE)LC_ALL=C $(INTLTOOL_MERGE) $(INTLTOOL_V_MERGE_OPTIONS) -x -u -c $(top_builddir)/po/.intltool-merge-cache $(top_srcdir)/po $< $@'
INTLTOOL_PONG_RULE='%.pong:      %.pong.in      $(INTLTOOL_MERGE) $(wildcard $(top_srcdir)/po/*.po) ; $(INTLTOOL_V_MERGE)LC_ALL=C $(INTLTOOL_MERGE) $(INTLTOOL_V_MERGE_OPTIONS) -x -u -c $(top_builddir)/po/.intltool-merge-cache $(top_srcdir)/po $< $@'
INTLTOOL_PROP_RULE='%.prop:      %.prop.in      $(INTLTOOL_MERGE) $(wildcard $(top_srcdir)/po/*.po) ; $(INTLTOOL_V_MERGE)LC_ALL=C $(INTLTOOL_MERGE) $(INTLTOOL_V_MERGE_OPTIONS) -d -u -c $(top_builddir)/po/.intltool-merge-cache $(top_srcdir)/po $< $@'
INTLTOOL_SCHEMAS_RULE='%.schemas:   %.schemas.in   $(INTLTOOL_MERGE) $(wildcard $(top_srcdir)/po/*.po) ; $(INTLTOOL_V_MERGE)LC_ALL=C $(INTLTOOL_MERGE) $(INTLTOOL_V_MERGE_OPTIONS) -s -u -c $(top_builddir)/po/.intltool-merge-cache $(top_srcdir)/po $< $@'
INTLTOOL_SERVER_RULE='%.server:    %.server.in    $(INTLTOOL_MERGE) $(wildcard $(top_srcdir)/po/*.po) ; $(INTLTOOL_V_MERGE)LC_ALL=C $(INTLTOOL_MERGE) $(INTLTOOL_V_MERGE_OPTIONS) -o -u -c $(top_builddir)/po/.intltool-merge-cache $(top_srcdir)/po $< $@'
INTLTOOL_SERVICE_RULE='%.service: %.service.in   $(INTLTOOL_MERGE) $(wildcard $(top_srcdir)/po/*.po) ; $(INTLTOOL_V_MERGE)LC_ALL=C $(INTLTOOL_MERGE) $(INTLTOOL_V_MERGE_OPTIONS) -d -u -c $(top_builddir)/po/.intltool-merge-cache $(top_srcdir)/po $< $@'
INTLTOOL_SHEET_RULE='%.sheet:     %.sheet.in     $(INTLTOOL_MERGE) $(wildcard $(top_srcdir)/po/*.po) ; $(INTLTOOL_V_MERGE)LC_ALL=C $(INTLTOOL_MERGE) $(INTLTOOL_V_MERGE_OPTIONS) -x -u -c $(top_builddir)/po/.intltool-merge-cache $(top_srcdir)/po $< $@'
INTLTOOL_SOUNDLIST_RULE='%.soundlist: %.soundlist.in $(INTLTOOL_MERGE) $(wildcard $(top_srcdir)/po/*.po) ; $(INTLTOOL_V_MERGE)LC_ALL=C $(INTLTOOL_MERGE) $(INTLTOOL_V_MERGE_OPTIONS) -d -u -c $(top_builddir)/po/.intltool-merge-cache $(top_srcdir)/po $< $@'
INTLTOOL_THEME_RULE='%.theme:     %.theme.in     $(INTLTOOL_MERGE) $(wildcard $(top_srcdir)/po/*.po) ; $(INTLTOOL_V_MERGE)LC_ALL=C $(INTLTOOL_MERGE) $(INTLTOOL_V_MERGE_OPTIONS) -d -u -c $(top_builddir)/po/.intltool-merge-cache $(top_srcdir)/po $< $@'
INTLTOOL_UI_RULE='%.ui:        %.ui.in        $(INTLTOOL_MERGE) $(wildcard $(top_srcdir)/po/*.po) ; $(INTLTOOL_V_MERGE)LC_ALL=C $(INTLTOOL_MERGE) $(INTLTOOL_V_MERGE_OPTIONS) -x -u -c $(top_builddir)/po/.intltool-merge-cache $(top_srcdir)/po $< $@'
INTLTOOL_UPDATE='/usr/bin/intltool-update'
INTLTOOL_V_MERGE='$(INTLTOOL__v_MERGE_$(V))'
INTLTOOL_V_MERGE_OPTIONS='$(intltool__v_merge_options_$(V))'
INTLTOOL_XAM_RULE='%.xam:       %.xml.in       $(INTLTOOL_MERGE) $(wildcard $(top_srcdir)/po/*.po) ; $(INTLTOOL_V_MERGE)LC_ALL=C $(INTLTOOL_MERGE) $(INTLTOOL_V_MERGE_OPTIONS) -x -u -c $(top_builddir)/po/.intltool-merge-cache $(top_srcdir)/po $< $@'
INTLTOOL_XML_NOMERGE_RULE='%.xml:       %.xml.in       $(INTLTOOL_MERGE) ; $(INTLTOOL_V_MERGE)LC_ALL=C $(INTLTOOL_MERGE) $(INTLTOOL_V_MERGE_OPTIONS) -x -u --no-translations $< $@'
INTLTOOL_XML_RULE='%.xml:       %.xml.in       $(INTLTOOL_MERGE) $(wildcard $(top_srcdir)/po/*.po) ; $(INTLTOOL_V_MERGE)LC_ALL=C $(INTLTOOL_MERGE) $(INTLTOOL_V_MERGE_OPTIONS) -x -u -c $(top_builddir)/po/.intltool-merge-cache $(top_srcdir)/po $< $@'
INTLTOOL__v_MERGE_0='@echo "  ITMRG " $@;'
INTLTOOL__v_MERGE_='$(INTLTOOL__v_MERGE_$(AM_DEFAULT_VERBOSITY))'
INTL_MACOSX_LIBS=''
JPEG_EXES='$(JPEG_EXES)'
JPEG_LIBS='-ljpeg'
JWZGLES_OBJS=''
LDFLAGS=' -L${exec_prefix}/lib'
LIBCAP_CFLAGS=''
LIBCAP_LIBS=''
LIBICONV='-liconv'
LIBINTL=''
LIBOBJS=''
LIBS=''
LOCK_OBJS='$(LOCK_OBJS_1) $(PASSWD_OBJS)'
LOCK_SRCS='$(LOCK_SRCS_1) $(PASSWD_SRCS)'
LTLIBICONV='-liconv'
LTLIBINTL=''
LTLIBOBJS=''
MEN_OSX=''
MKDIR_P='/usr/bin/mkdir -p'
MOTIF_LIBS=''
MSGFMT='/usr/bin/msgfmt'
MSGMERGE='/usr/bin/msgmerge'
MSGMERGE_FOR_MSGFMT_OPTION='--for-msgfmt'
NEW_LOGIN_COMMAND='dm-tool switch-to-greeter'
NEW_LOGIN_COMMAND_P=''
NOGNOME=''
OBJEXT='o'
PACKAGE_BUGREPORT=''
PACKAGE_NAME=''
PACKAGE_STRING=''
PACKAGE_TARNAME=''
PACKAGE_URL=''
PACKAGE_VERSION=''
PASSWD_LIBS=' -lpam -ldl -lcrypt'
PASSWD_OBJS=' $(PAM_OBJS) $(PWENT_OBJS)'
PASSWD_SRCS=' $(PAM_SRCS) $(PWENT_SRCS)'
PATH_SEPARATOR=':'
PERL='/usr/bin/perl'
PNG_LIBS='-lgdk_pixbuf-2.0 -lgio-2.0 -lgobject-2.0 -lglib-2.0 '
POSUB='po'
PO_DATADIR='/usr/share'
PREFERRED_DEMO_PROGRAM='xscreensaver-settings-Gtk'
PROG_SETCAP=''
PTHREAD_CC='gcc -std=gnu99 -pedantic -Wall -Wnested-externs -Wstrict-prototypes -Wmissing-prototypes -Wno-overlength-strings'
PTHREAD_CFLAGS='-pthread'
PTHREAD_CXX=''
PTHREAD_LIBS='-lpthread'
PTY_LIBS='-lutil'
RETIRED_GL_EXES='$(RETIRED_GL_EXES)'
SAVER_LIBS=' -lXxf86vm -lXi'
SCRIPTS_OSX=''
SED='/usr/bin/sed'
SETCAP_HACKS='no'
SETUID_AUTH='yes'
SETUID_HACKS='yes'
SET_MAKE=''
SHELL='/bin/bash'
SUID_EXES='$(SUID_EXES)'
SYSTEMD_LIBS='-lsystemd '
USE_NLS='yes'
WITH_BROWSER='gnome-open'
XDPMS_LIBS=''
XFT_LIBS='-lXft '
XFT_OBJS=''
XFT_SRCS=''
XGETTEXT='/usr/bin/xgettext'
XGETTEXT_015='/usr/bin/xgettext'
XGETTEXT_EXTRA_OPTIONS=''
XINERAMA_LIBS=' -lXinerama -lXrandr -lXrender'
XMKMF=''
XML_LIBS=''
X_CFLAGS=''
X_EXTRA_LIBS=''
X_LIBS=''
X_PRE_LIBS=' -lSM -lICE'
ac_ct_CC='gcc'
ax_pthread_config=''
bindir='/usr/local/bin'
build='aarch64-unknown-linux-gnu'
build_alias=''
build_cpu='aarch64'
build_os='linux-gnu'
build_vendor='unknown'
datadir='${datarootdir}'
datarootdir='${prefix}/share'
docdir='${datarootdir}/doc/${PACKAGE}'
dvidir='${docdir}'
exec_prefix='${prefix}'
gnome_open_program=''
gnome_url_show_program=''
host='aarch64-unknown-linux-gnu'
host_alias=''
host_cpu='aarch64'
host_os='linux-gnu'
host_vendor='unknown'
htmldir='${docdir}'
includedir='${prefix}/include'
infodir='${datarootdir}/info'
intltool__v_merge_options_0='-q'
intltool__v_merge_options_='$(intltool__v_merge_options_$(AM_DEFAULT_VERBOSITY))'
libdir='${exec_prefix}/lib'
libexecdir='${exec_prefix}/libexec'
localedir='${datarootdir}/locale'
localedir_c='"/usr/local/share/locale"'
localedir_c_make='\"$(localedir)\"'
localstatedir='${prefix}/var'
login_manager_tmp='/usr/bin/dm-tool'
mandir='${datarootdir}/man'
oldincludedir='/usr/include'
pdfdir='${docdir}'
pkg_config='/usr/bin/pkg-config'
prefix='/usr/local'
program_transform_name='s,x,x,'
psdir='${docdir}'
runstatedir='${localstatedir}/run'
sbindir='${exec_prefix}/sbin'
sharedstatedir='${prefix}/com'
sysconfdir='${prefix}/etc'
target='aarch64-unknown-linux-gnu'
target_alias=''
target_cpu='aarch64'
target_os='linux-gnu'
target_vendor='unknown'

## ----------- ##
## confdefs.h. ##
## ----------- ##

/* confdefs.h */
#define PACKAGE_NAME ""
#define PACKAGE_TARNAME ""
#define PACKAGE_VERSION ""
#define PACKAGE_STRING ""
#define PACKAGE_BUGREPORT ""
#define PACKAGE_URL ""
#define HAVE_STDIO_H 1
#define HAVE_STDLIB_H 1
#define HAVE_STRING_H 1
#define HAVE_INTTYPES_H 1
#define HAVE_STDINT_H 1
#define HAVE_STRINGS_H 1
#define HAVE_SYS_STAT_H 1
#define HAVE_SYS_TYPES_H 1
#define HAVE_UNISTD_H 1
#define STDC_HEADERS 1
#define HAVE_UNISTD_H 1
#define HAVE_INTTYPES_H 1
#define RETSIGTYPE void
#define HAVE_SYS_WAIT_H 1
#define HAVE_DIRENT_H 1
#define HAVE_GETTIMEOFDAY 1
#define GETTIMEOFDAY_TWO_ARGS 1
#define HAVE_SELECT 1
#define HAVE_FCNTL 1
#define HAVE_UNAME 1
#define HAVE_NICE 1
#define HAVE_SETPRIORITY 1
#define HAVE_GETCWD 1
#define HAVE_GETWD 1
#define HAVE_PUTENV 1
#define HAVE_SBRK 1
#define HAVE_SIGACTION 1
#define HAVE_SYSLOG 1
#define HAVE_REALPATH 1
#define HAVE_SETRLIMIT 1
#define HAVE_SETLOCALE 1
#define HAVE_GETADDRINFO 1
#define HAVE_ICMP 1
#define HAVE_ICMPHDR 1
#define HAVE_GETIFADDRS 1
#define HAVE_CRYPT_H 1
#define HAVE_SYS_SELECT_H 1
#define GETTEXT_PACKAGE "xscreensaver"
#define ENABLE_NLS 1
#define HAVE_GETTEXT 1
#define HAVE_DCGETTEXT 1
#define HAVE_DPMS_EXTENSION 1
#define HAVE_XF86VMODE 1
#define HAVE_XINERAMA 1
#define HAVE_RANDR 1
#define HAVE_RANDR_12 1
#define HAVE_XINPUT 1
#define HAVE_XF86VMODE_GAMMA 1
#define HAVE_XF86VMODE_GAMMA_RAMP 1
#define HAVE_XSHM_EXTENSION 1
#define HAVE_DOUBLE_BUFFER_EXTENSION 1
#define HAVE_XKB 1
#define HAVE_PROC_OOM 1
#define HAVE_LIBSYSTEMD 1
#define HAVE_PAM 1
#define PAM_SERVICE_NAME "xscreensaver"
#define HAVE_SIGTIMEDWAIT 1
#define PAM_STRERROR_TWO_ARGS 1
#define HAVE_SHADOW_PASSWD 1
#define HAVE_GTK 1
#define HAVE_XML 1
#define HAVE_PTHREAD_PRIO_INHERIT 1
#define HAVE_PTHREAD 1
#define HAVE_GL 1
#define HAVE_GLBINDTEXTURE 1
#define HAVE_GLES 1
#define HAVE_GLSL 1
#define HAVE_GLES2 1
#define HAVE_GLES3 1
#define HAVE_EGL 1
#define HAVE_GLE 1
#define HAVE_GLE3 1
#define HAVE_JPEGLIB 1
#define HAVE_LIBPNG 1
#define HAVE_GDK_PIXBUF 1
#define HAVE_GDK_PIXBUF_APPLY_EMBEDDED_ORIENTATION 1
#define HAVE_XUTF8DRAWSTRING 1
#define HAVE_XFT 1
#define HAVE_PTY_H 1
#define HAVE_SYS_TERMIOS_H 1
#define HAVE_FORKPTY 1

configure: exit 0
